{
  "type": "FeatureCollection",
  "features": [
    {
      "type": "Feature",
      "properties": {
        "GID_0": "ALB",
        "COUNTRY": "Albania",
        "dist_pole": 0.5356112536663891,
        "pointLng": 20.167436599500093,
        "pointLat": 40.532346925500065,
        "riskC": true,
        "riskD": false,
        "riskW": true,
        "riskY": false,
        "riskZ": false
      },
      "geometry": {
        "type": "GeometryCollection",
        "geometries": [
          {
            "type": "Point",
            "coordinates": [
              20.167436599500093,
              40.532346925500065
            ]
          },
          {
            "type": "MultiPolygon",
            "coordinates": [
              [
                [
                  [
                    20.054075,
                    39.69171100000011
                  ],
                  [
                    20.038879,
                    39.69592300000011
                  ],
                  [
                    20.037915,
                    39.696022
                  ],
                  [
                    20.032459000000188,
                    39.696587000000136
                  ],
                  [
                    20.02770800000019,
                    39.697083000000134
                  ],
                  [
                    20.027231000000143,
                    39.69704400000012
                  ],
                  [
                    20.026115000000175,
                    39.696949
                  ],
                  [
                    20.018148,
                    39.696159
                  ],
                  [
                    20.011520000000132,
                    39.695499
                  ],
                  [
                    20.011427,
                    39.695492000000115
                  ],
                  [
                    20.011271000000136,
                    39.69540000000018
                  ],
                  [
                    20.008484000000124,
                    39.694092000000126
                  ],
                  [
                    20.00848288500015,
                    39.694003607000184
                  ],
                  [
                    20.00344318400016,
                    39.691287474000035
                  ],
                  [
                    19.998228787000073,
                    39.68801961300011
                  ],
                  [
                    19.991663800000026,
                    39.68811893300017
                  ],
                  [
                    19.9857826060001,
                    39.68816106100013
                  ],
                  [
                    19.981784528000105,
                    39.69428193100009
                  ],
                  [
                    19.982155346000013,
                    39.70053406400007
                  ],
                  [
                    19.981274429000052,
                    39.70668025000003
                  ],
                  [
                    19.98467228300018,
                    39.714163267000174
                  ],
                  [
                    19.987338,
                    39.72127648400016
                  ],
                  [
                    19.993784448000156,
                    39.72654799600002
                  ],
                  [
                    19.99599326300006,
                    39.732945421000124
                  ],
                  [
                    19.998027518000015,
                    39.739721011000086
                  ],
                  [
                    19.99193867700012,
                    39.73949361300009
                  ],
                  [
                    19.987699395000163,
                    39.74193321100017
                  ],
                  [
                    19.99222383500006,
                    39.74619158600018
                  ],
                  [
                    19.984344486000168,
                    39.74576079900015
                  ],
                  [
                    19.975560306000034,
                    39.746983778000185
                  ],
                  [
                    19.973302588000138,
                    39.752640941000095
                  ],
                  [
                    19.976868389000174,
                    39.758425172000045
                  ],
                  [
                    19.98178058100018,
                    39.76413267100003
                  ],
                  [
                    19.984296077000124,
                    39.76940769200013
                  ],
                  [
                    19.990150440000036,
                    39.76936768000019
                  ],
                  [
                    19.995948163000037,
                    39.76917520899997
                  ],
                  [
                    19.99514014100015,
                    39.77516840599998
                  ],
                  [
                    19.9998778530001,
                    39.77419505900019
                  ],
                  [
                    20.001408286000185,
                    39.77906714300008
                  ],
                  [
                    20.00653683300004,
                    39.78061416700018
                  ],
                  [
                    20.00528775000015,
                    39.7855056250001
                  ],
                  [
                    20.00081044400008,
                    39.79164997800018
                  ],
                  [
                    19.99525292700008,
                    39.79435118600003
                  ],
                  [
                    19.993773200000135,
                    39.798636800000054
                  ],
                  [
                    19.99875465400015,
                    39.79993196200007
                  ],
                  [
                    20.003448813000148,
                    39.80234806300007
                  ],
                  [
                    20.00549483300017,
                    39.80639483300007
                  ],
                  [
                    20.00586282600017,
                    39.81128356500005
                  ],
                  [
                    20.00996078600008,
                    39.81495589300016
                  ],
                  [
                    20.012426950000076,
                    39.8200187540001
                  ],
                  [
                    20.011984294,
                    39.82467811800018
                  ],
                  [
                    20.010366778000105,
                    39.828806667000094
                  ],
                  [
                    20.009975050000037,
                    39.835641803000044
                  ],
                  [
                    20.014080833000037,
                    39.842205778
                  ],
                  [
                    20.019771140000046,
                    39.845341253000186
                  ],
                  [
                    20.019944684000166,
                    39.850273659000095
                  ],
                  [
                    20.019189548000043,
                    39.856140900000185
                  ],
                  [
                    20.0180888700001,
                    39.86083179100007
                  ],
                  [
                    20.015756925000176,
                    39.86506271400009
                  ],
                  [
                    20.013385115000176,
                    39.87036027600004
                  ],
                  [
                    20.009290696000107,
                    39.87278175400019
                  ],
                  [
                    20.003623129000175,
                    39.870576859000096
                  ],
                  [
                    19.99958305400014,
                    39.868674978
                  ],
                  [
                    19.994390382000176,
                    39.87061903200009
                  ],
                  [
                    19.98945045500011,
                    39.871324751000145
                  ],
                  [
                    19.983641306000038,
                    39.870517307000114
                  ],
                  [
                    19.97972561800009,
                    39.873915355000065
                  ],
                  [
                    19.975568424000187,
                    39.87708213200017
                  ],
                  [
                    19.968243531000155,
                    39.87851701500017
                  ],
                  [
                    19.963094439000088,
                    39.8816740850001
                  ],
                  [
                    19.95755394700012,
                    39.88491771600013
                  ],
                  [
                    19.954851993000034,
                    39.89228164300005
                  ],
                  [
                    19.95188552700006,
                    39.89598439000008
                  ],
                  [
                    19.946174221000035,
                    39.89490288200011
                  ],
                  [
                    19.941841507000163,
                    39.89422810900015
                  ],
                  [
                    19.93621812600003,
                    39.895100458000115
                  ],
                  [
                    19.93494324500017,
                    39.899346670000114
                  ],
                  [
                    19.930221952000068,
                    39.89957059700009
                  ],
                  [
                    19.924509410999974,
                    39.900638650000076
                  ],
                  [
                    19.91756888800012,
                    39.900208337000095
                  ],
                  [
                    19.912758740000186,
                    39.90256061000008
                  ],
                  [
                    19.910502829000166,
                    39.91038812900018
                  ],
                  [
                    19.91667307000006,
                    39.91272756400002
                  ],
                  [
                    19.92061927100019,
                    39.9190908490001
                  ],
                  [
                    19.92434234700005,
                    39.923434449000126
                  ],
                  [
                    19.928496771000027,
                    39.92691720800008
                  ],
                  [
                    19.936535205000098,
                    39.92798553200004
                  ],
                  [
                    19.93620887200018,
                    39.93901018000008
                  ],
                  [
                    19.934851720000154,
                    39.94398572000017
                  ],
                  [
                    19.93108922800002,
                    39.94760808100011
                  ],
                  [
                    19.92768785700008,
                    39.95141135400013
                  ],
                  [
                    19.923610380000127,
                    39.955514847000074
                  ],
                  [
                    19.918558428000097,
                    39.961683240000184
                  ],
                  [
                    19.913773903000106,
                    39.96599490900019
                  ],
                  [
                    19.913331032000144,
                    39.97171020500019
                  ],
                  [
                    19.910678977000146,
                    39.97776470500003
                  ],
                  [
                    19.903986990000078,
                    39.98309493000005
                  ],
                  [
                    19.90033465800019,
                    39.9901019510001
                  ],
                  [
                    19.894187881000107,
                    39.99586228000004
                  ],
                  [
                    19.891867705000152,
                    40.00320843300011
                  ],
                  [
                    19.889017106000097,
                    40.00687245000012
                  ],
                  [
                    19.88536232700011,
                    40.01021850200004
                  ],
                  [
                    19.88132160400005,
                    40.01528167700019
                  ],
                  [
                    19.87726603100009,
                    40.020596755000156
                  ],
                  [
                    19.874120792000042,
                    40.02562125500003
                  ],
                  [
                    19.86938021200018,
                    40.03023701000012
                  ],
                  [
                    19.865873631000056,
                    40.034266839
                  ],
                  [
                    19.862353725000105,
                    40.037901478000094
                  ],
                  [
                    19.857783966000113,
                    40.04135482800018
                  ],
                  [
                    19.85396178600007,
                    40.043861072000084
                  ],
                  [
                    19.848246454000048,
                    40.04634430800019
                  ],
                  [
                    19.841792778000183,
                    40.04881988900013
                  ],
                  [
                    19.835008766000044,
                    40.050792533000106
                  ],
                  [
                    19.827788250000026,
                    40.05187283400005
                  ],
                  [
                    19.823007001000065,
                    40.05217500100008
                  ],
                  [
                    19.81770862500008,
                    40.05181112500003
                  ],
                  [
                    19.812562517000117,
                    40.048801736000144
                  ],
                  [
                    19.804967244000068,
                    40.04714354000009
                  ],
                  [
                    19.79989550000016,
                    40.04556650100005
                  ],
                  [
                    19.79530922500004,
                    40.047212675000026
                  ],
                  [
                    19.792807468999968,
                    40.05259687500018
                  ],
                  [
                    19.797808,
                    40.05394423800004
                  ],
                  [
                    19.80197060600011,
                    40.05596987900003
                  ],
                  [
                    19.79780733300015,
                    40.06001277800016
                  ],
                  [
                    19.79173373700013,
                    40.06289352700003
                  ],
                  [
                    19.789360857000077,
                    40.068078048000075
                  ],
                  [
                    19.783740191000106,
                    40.07025485700018
                  ],
                  [
                    19.779142850000085,
                    40.071167750000086
                  ],
                  [
                    19.77817540200016,
                    40.064563894000116
                  ],
                  [
                    19.777534389000152,
                    40.058354500000064
                  ],
                  [
                    19.772873643000025,
                    40.05881321400017
                  ],
                  [
                    19.7697609060001,
                    40.06575743700017
                  ],
                  [
                    19.767700214000115,
                    40.07299953100005
                  ],
                  [
                    19.76642586600002,
                    40.079407800000126
                  ],
                  [
                    19.761947534000058,
                    40.07978103300019
                  ],
                  [
                    19.75701394400005,
                    40.08036433300015
                  ],
                  [
                    19.75179246800019,
                    40.0808759680001
                  ],
                  [
                    19.750474190000034,
                    40.08683680900009
                  ],
                  [
                    19.753482250000047,
                    40.09158926700019
                  ],
                  [
                    19.752608781000163,
                    40.0967590620001
                  ],
                  [
                    19.746826889000147,
                    40.099950278
                  ],
                  [
                    19.739974937000056,
                    40.099340638
                  ],
                  [
                    19.732349726000166,
                    40.100827905000074
                  ],
                  [
                    19.72750212300008,
                    40.1056693970001
                  ],
                  [
                    19.722724357,
                    40.10878450000018
                  ],
                  [
                    19.717155552000122,
                    40.10844417300018
                  ],
                  [
                    19.71321741700018,
                    40.111427167000045
                  ],
                  [
                    19.70662700000014,
                    40.11227827300013
                  ],
                  [
                    19.699541714000077,
                    40.11286928600009
                  ],
                  [
                    19.700213722000058,
                    40.11855038900006
                  ],
                  [
                    19.696274636000112,
                    40.12092690900005
                  ],
                  [
                    19.689835883,
                    40.12188360000005
                  ],
                  [
                    19.6801608130001,
                    40.12341837500014
                  ],
                  [
                    19.67049587200006,
                    40.12576202800017
                  ],
                  [
                    19.66365737500007,
                    40.125795375000166
                  ],
                  [
                    19.657623182000066,
                    40.12593527300004
                  ],
                  [
                    19.6515543000001,
                    40.12852785000001
                  ],
                  [
                    19.647495206000144,
                    40.13407976500014
                  ],
                  [
                    19.64276654200006,
                    40.13851779200007
                  ],
                  [
                    19.63720894100004,
                    40.1421250140001
                  ],
                  [
                    19.628074458000185,
                    40.144429292000154
                  ],
                  [
                    19.621167964000165,
                    40.14710164300004
                  ],
                  [
                    19.616619869000033,
                    40.15019843500011
                  ],
                  [
                    19.612654300000088,
                    40.153077250000194
                  ],
                  [
                    19.607052517000113,
                    40.156498759000044
                  ],
                  [
                    19.59985675000007,
                    40.159160666000105
                  ],
                  [
                    19.594887000000142,
                    40.16017428600014
                  ],
                  [
                    19.590695944000117,
                    40.161543389000144
                  ],
                  [
                    19.58721150000008,
                    40.1656506540001
                  ],
                  [
                    19.583848734000014,
                    40.16887393300004
                  ],
                  [
                    19.579231192000066,
                    40.17171819200013
                  ],
                  [
                    19.57388064400004,
                    40.173818621000066
                  ],
                  [
                    19.56951550100007,
                    40.17452149100018
                  ],
                  [
                    19.563426256000128,
                    40.176195860000064
                  ],
                  [
                    19.558255563000102,
                    40.177753155
                  ],
                  [
                    19.554056882999987,
                    40.17870450000015
                  ],
                  [
                    19.549097485000175,
                    40.17983881700013
                  ],
                  [
                    19.543759195000064,
                    40.18200743900013
                  ],
                  [
                    19.537686106000024,
                    40.1847744910001
                  ],
                  [
                    19.530420172000163,
                    40.187096958000154
                  ],
                  [
                    19.52528541100014,
                    40.19001390200009
                  ],
                  [
                    19.519063711000115,
                    40.19280202600004
                  ],
                  [
                    19.509869726000147,
                    40.19478225800009
                  ],
                  [
                    19.504566193000187,
                    40.19738636000011
                  ],
                  [
                    19.5004521030001,
                    40.20109976500015
                  ],
                  [
                    19.495386113000166,
                    40.204113812
                  ],
                  [
                    19.490190778999988,
                    40.20701626500011
                  ],
                  [
                    19.485925129,
                    40.20969309100008
                  ],
                  [
                    19.480306171000166,
                    40.21282159700013
                  ],
                  [
                    19.471201723000036,
                    40.2150211340001
                  ],
                  [
                    19.46669297000011,
                    40.21826680600009
                  ],
                  [
                    19.463873342000056,
                    40.22244155300007
                  ],
                  [
                    19.45878941600006,
                    40.22474806700012
                  ],
                  [
                    19.454875129000072,
                    40.22776340300004
                  ],
                  [
                    19.449586307000175,
                    40.23125693399999
                  ],
                  [
                    19.443881988999976,
                    40.23489824900008
                  ],
                  [
                    19.440762520000078,
                    40.23797512100015
                  ],
                  [
                    19.436554694000108,
                    40.242448273000036
                  ],
                  [
                    19.43258158400016,
                    40.24822580300008
                  ],
                  [
                    19.429522553000083,
                    40.25151764000003
                  ],
                  [
                    19.42481767600009,
                    40.25554485800018
                  ],
                  [
                    19.41929359500017,
                    40.260469564000175
                  ],
                  [
                    19.41567979500013,
                    40.26347187700014
                  ],
                  [
                    19.412290709000047,
                    40.26629543299998
                  ],
                  [
                    19.408384233000106,
                    40.271379925000076
                  ],
                  [
                    19.405667098000094,
                    40.276761262000036
                  ],
                  [
                    19.401625158000172,
                    40.28115319900007
                  ],
                  [
                    19.395812271000125,
                    40.28660260900017
                  ],
                  [
                    19.389887619000035,
                    40.28909854900007
                  ],
                  [
                    19.386663971000132,
                    40.2924896240001
                  ],
                  [
                    19.38270241000015,
                    40.29592561700008
                  ],
                  [
                    19.37877941100004,
                    40.29940202500012
                  ],
                  [
                    19.376114121000114,
                    40.30330871600012
                  ],
                  [
                    19.37231055100017,
                    40.30701533200005
                  ],
                  [
                    19.371601140000166,
                    40.313059140000064
                  ],
                  [
                    19.375385236000113,
                    40.31703645800019
                  ],
                  [
                    19.373315811000055,
                    40.32162952500016
                  ],
                  [
                    19.372130994000145,
                    40.32801352600018
                  ],
                  [
                    19.368833451000057,
                    40.33665080000003
                  ],
                  [
                    19.36746246300015,
                    40.343537293000054
                  ],
                  [
                    19.363148099000057,
                    40.34783354200016
                  ],
                  [
                    19.3594669470001,
                    40.35193531100015
                  ],
                  [
                    19.35528659800019,
                    40.35578155600018
                  ],
                  [
                    19.352814068000043,
                    40.35945060000017
                  ],
                  [
                    19.350452304000044,
                    40.36309099200008
                  ],
                  [
                    19.348494179000113,
                    40.36779524100007
                  ],
                  [
                    19.34508651600015,
                    40.3722494860001
                  ],
                  [
                    19.341037395000058,
                    40.377189741
                  ],
                  [
                    19.336503916000026,
                    40.38226029000009
                  ],
                  [
                    19.331730467000057,
                    40.38740793900013
                  ],
                  [
                    19.32614821300001,
                    40.39218426900004
                  ],
                  [
                    19.320864678000135,
                    40.397207261000176
                  ],
                  [
                    19.317331130000127,
                    40.39978458100006
                  ],
                  [
                    19.312738136000064,
                    40.40347162900014
                  ],
                  [
                    19.309319863000155,
                    40.406558404
                  ],
                  [
                    19.30611846,
                    40.41107020700019
                  ],
                  [
                    19.30132937400009,
                    40.41387542100017
                  ],
                  [
                    19.29519667600016,
                    40.41747712200015
                  ],
                  [
                    19.289058685000043,
                    40.419887196000104
                  ],
                  [
                    19.2897502670001,
                    40.42428858100004
                  ],
                  [
                    19.294314612000164,
                    40.425382342000034
                  ],
                  [
                    19.2999524010001,
                    40.42651642700014
                  ],
                  [
                    19.30431906399997,
                    40.42929662100016
                  ],
                  [
                    19.30660009400009,
                    40.43318017400003
                  ],
                  [
                    19.3111832350001,
                    40.43507576000019
                  ],
                  [
                    19.315144984000085,
                    40.43693542400007
                  ],
                  [
                    19.320220566000103,
                    40.43834571800005
                  ],
                  [
                    19.325399330000153,
                    40.43564469500012
                  ],
                  [
                    19.329823494000095,
                    40.43165561100011
                  ],
                  [
                    19.337670891000073,
                    40.433056505000025
                  ],
                  [
                    19.34520361600005,
                    40.431079237
                  ],
                  [
                    19.350442140000098,
                    40.4270813980001
                  ],
                  [
                    19.3552077490001,
                    40.423759766000046
                  ],
                  [
                    19.36038832600002,
                    40.41974441200017
                  ],
                  [
                    19.363327790000085,
                    40.41530876100006
                  ],
                  [
                    19.367673601000035,
                    40.412564959000065
                  ],
                  [
                    19.37207775100012,
                    40.40876064300005
                  ],
                  [
                    19.37869969100018,
                    40.406444691000104
                  ],
                  [
                    19.38111455100011,
                    40.40204647600012
                  ],
                  [
                    19.384174881000035,
                    40.39796234200003
                  ],
                  [
                    19.38943276600014,
                    40.39514428600012
                  ],
                  [
                    19.393282921000093,
                    40.39145783499998
                  ],
                  [
                    19.39834454200013,
                    40.38693091199997
                  ],
                  [
                    19.401984453000125,
                    40.381448905000184
                  ],
                  [
                    19.405257873000096,
                    40.37516052300015
                  ],
                  [
                    19.407348845000058,
                    40.36855994300009
                  ],
                  [
                    19.408992821000027,
                    40.36317200100012
                  ],
                  [
                    19.40866304000002,
                    40.35452302300007
                  ],
                  [
                    19.40867767400016,
                    40.346529865000036
                  ],
                  [
                    19.408794628000066,
                    40.34129198900007
                  ],
                  [
                    19.412483435000183,
                    40.33824011000007
                  ],
                  [
                    19.416016221000064,
                    40.33540296500007
                  ],
                  [
                    19.41831047100004,
                    40.331044770000176
                  ],
                  [
                    19.42009749300007,
                    40.32374120700007
                  ],
                  [
                    19.426352501000167,
                    40.32121722000005
                  ],
                  [
                    19.431914568000025,
                    40.321544648000156
                  ],
                  [
                    19.436679363,
                    40.322300435000045
                  ],
                  [
                    19.441868122000074,
                    40.32304558400017
                  ],
                  [
                    19.446966716000077,
                    40.32436507099999
                  ],
                  [
                    19.45190584700009,
                    40.32597827900008
                  ],
                  [
                    19.456370195000147,
                    40.32781442000004
                  ],
                  [
                    19.46050516700018,
                    40.32998857100006
                  ],
                  [
                    19.464714315000094,
                    40.332873875000075
                  ],
                  [
                    19.468499270000166,
                    40.33710306300003
                  ],
                  [
                    19.472024827000098,
                    40.34073039500015
                  ],
                  [
                    19.478961563000098,
                    40.34286613500012
                  ],
                  [
                    19.48322153100014,
                    40.34581061800009
                  ],
                  [
                    19.484766153000066,
                    40.350835067000105
                  ],
                  [
                    19.48331340100009,
                    40.35504659100019
                  ],
                  [
                    19.48133345200017,
                    40.359267066000086
                  ],
                  [
                    19.48026394800013,
                    40.36345601100004
                  ],
                  [
                    19.481273651000095,
                    40.36919446100018
                  ],
                  [
                    19.478815609000094,
                    40.376657487000045
                  ],
                  [
                    19.481335503000082,
                    40.381049020000034
                  ],
                  [
                    19.483036454,
                    40.386339197000154
                  ],
                  [
                    19.47982589100002,
                    40.391599572000075
                  ],
                  [
                    19.477966436000088,
                    40.39790827500008
                  ],
                  [
                    19.478597642000125,
                    40.40348243700015
                  ],
                  [
                    19.47970530800012,
                    40.40830953500006
                  ],
                  [
                    19.480337645000077,
                    40.41364449000014
                  ],
                  [
                    19.484167455999966,
                    40.417924046
                  ],
                  [
                    19.48821013300011,
                    40.42266148200014
                  ],
                  [
                    19.49040276700015,
                    40.427488327000106
                  ],
                  [
                    19.49319172900016,
                    40.43160023900015
                  ],
                  [
                    19.494215348000182,
                    40.43654183799998
                  ],
                  [
                    19.49423276400006,
                    40.44307180600009
                  ],
                  [
                    19.492557671999975,
                    40.44753705699998
                  ],
                  [
                    19.487427026000034,
                    40.450543352000125
                  ],
                  [
                    19.478996264000045,
                    40.45305302500003
                  ],
                  [
                    19.47436748800004,
                    40.454974088000085
                  ],
                  [
                    19.470218181000178,
                    40.456435920000104
                  ],
                  [
                    19.46346999000008,
                    40.46021230000008
                  ],
                  [
                    19.457505163000064,
                    40.46545383100005
                  ],
                  [
                    19.453207763000137,
                    40.47014551600006
                  ],
                  [
                    19.449607624000066,
                    40.47259431700007
                  ],
                  [
                    19.44776834700002,
                    40.47658980000017
                  ],
                  [
                    19.442941226000073,
                    40.47935676600014
                  ],
                  [
                    19.438792944,
                    40.48280525200016
                  ],
                  [
                    19.43420170500019,
                    40.48662541200008
                  ],
                  [
                    19.43155196400005,
                    40.49200267200018
                  ],
                  [
                    19.42736530300016,
                    40.49555084900004
                  ],
                  [
                    19.42181121400006,
                    40.49906504699999
                  ],
                  [
                    19.414352599000097,
                    40.501245045000076
                  ],
                  [
                    19.40680436400004,
                    40.500077730000044
                  ],
                  [
                    19.401163854000174,
                    40.50274732800011
                  ],
                  [
                    19.397792568000114,
                    40.507823778000045
                  ],
                  [
                    19.395239003000142,
                    40.51132609100017
                  ],
                  [
                    19.392067134000172,
                    40.51525473700019
                  ],
                  [
                    19.38792693300013,
                    40.52055223500008
                  ],
                  [
                    19.38837750800002,
                    40.52702515900006
                  ],
                  [
                    19.38200242200014,
                    40.53055708700009
                  ],
                  [
                    19.377973676000067,
                    40.53346324000012
                  ],
                  [
                    19.378974163000123,
                    40.53990878500008
                  ],
                  [
                    19.382973671000116,
                    40.545017242000085
                  ],
                  [
                    19.38191620500004,
                    40.551695506000044
                  ],
                  [
                    19.37999011300019,
                    40.55764315699997
                  ],
                  [
                    19.377066737000064,
                    40.564083763000156
                  ],
                  [
                    19.37454323600008,
                    40.56874157200019
                  ],
                  [
                    19.37074462300012,
                    40.57385484200012
                  ],
                  [
                    19.366674709000165,
                    40.57930755700016
                  ],
                  [
                    19.363752524000063,
                    40.58435312900019
                  ],
                  [
                    19.36084869900003,
                    40.58929824900008
                  ],
                  [
                    19.35838251100006,
                    40.59333496200003
                  ],
                  [
                    19.355729910000093,
                    40.59742164600016
                  ],
                  [
                    19.35289446500002,
                    40.603444219000096
                  ],
                  [
                    19.349152763000063,
                    40.609805151000046
                  ],
                  [
                    19.345114563000095,
                    40.61543320200008
                  ],
                  [
                    19.34134990000007,
                    40.6200839280001
                  ],
                  [
                    19.33772820700017,
                    40.62422796400011
                  ],
                  [
                    19.33370238500015,
                    40.629154562999986
                  ],
                  [
                    19.32997998400009,
                    40.63291775100015
                  ],
                  [
                    19.32608577900004,
                    40.63730843899998
                  ],
                  [
                    19.32174984600016,
                    40.641607762000035
                  ],
                  [
                    19.320351919000075,
                    40.64706297600003
                  ],
                  [
                    19.315835135999976,
                    40.647859301000096
                  ],
                  [
                    19.31341407800005,
                    40.642427063000014
                  ],
                  [
                    19.311083193000172,
                    40.647483825999984
                  ],
                  [
                    19.30833589100007,
                    40.65420458900019
                  ],
                  [
                    19.30684116900005,
                    40.659404755000025
                  ],
                  [
                    19.30816391500008,
                    40.6644832070001
                  ],
                  [
                    19.314416313000095,
                    40.66600494400018
                  ],
                  [
                    19.320140838999976,
                    40.66736661400006
                  ],
                  [
                    19.32588746800002,
                    40.67055946000005
                  ],
                  [
                    19.33143975200005,
                    40.67411085300017
                  ],
                  [
                    19.335675944000116,
                    40.67728291300011
                  ],
                  [
                    19.33958683000003,
                    40.68013992300007
                  ],
                  [
                    19.3433671410001,
                    40.68411432
                  ],
                  [
                    19.346655677000058,
                    40.68774223300005
                  ],
                  [
                    19.350180732000126,
                    40.69161506900008
                  ],
                  [
                    19.35375785900004,
                    40.69623914500005
                  ],
                  [
                    19.357294321000097,
                    40.70100085000013
                  ],
                  [
                    19.360092116000033,
                    40.70600878900012
                  ],
                  [
                    19.363425872,
                    40.71095096400006
                  ],
                  [
                    19.36612877900012,
                    40.71610908600013
                  ],
                  [
                    19.368313089000026,
                    40.722362518000125
                  ],
                  [
                    19.369165420000115,
                    40.72708511400003
                  ],
                  [
                    19.369174957000098,
                    40.73291397100013
                  ],
                  [
                    19.36899248700007,
                    40.74402999900008
                  ],
                  [
                    19.369200912000167,
                    40.75508057800005
                  ],
                  [
                    19.368309020000083,
                    40.763440814000035
                  ],
                  [
                    19.369174957000098,
                    40.76871299800018
                  ],
                  [
                    19.370763105000037,
                    40.77426205000012
                  ],
                  [
                    19.37207266000013,
                    40.78057333100014
                  ],
                  [
                    19.372948011000176,
                    40.785386404000064
                  ],
                  [
                    19.37448341900017,
                    40.789852796000105
                  ],
                  [
                    19.376374654000074,
                    40.79622504900004
                  ],
                  [
                    19.376789412000107,
                    40.801060995000114
                  ],
                  [
                    19.376829148000013,
                    40.806892940000125
                  ],
                  [
                    19.376043439000114,
                    40.81146001800016
                  ],
                  [
                    19.373495579000178,
                    40.816406846
                  ],
                  [
                    19.3710773250001,
                    40.82166820100008
                  ],
                  [
                    19.37196647600001,
                    40.82583633400003
                  ],
                  [
                    19.376613744000167,
                    40.82812627100009
                  ],
                  [
                    19.381193226000164,
                    40.83055246300012
                  ],
                  [
                    19.384582338000087,
                    40.8333513180001
                  ],
                  [
                    19.387797952000028,
                    40.83683955700019
                  ],
                  [
                    19.39114041600004,
                    40.84178647300001
                  ],
                  [
                    19.394743538000057,
                    40.84962412500016
                  ],
                  [
                    19.39718186100015,
                    40.85786132800018
                  ],
                  [
                    19.398815156000182,
                    40.86495154300019
                  ],
                  [
                    19.399196625,
                    40.869823933000134
                  ],
                  [
                    19.399605343000076,
                    40.87476076400014
                  ],
                  [
                    19.400524047999966,
                    40.88124081500007
                  ],
                  [
                    19.401949226000113,
                    40.88887504500008
                  ],
                  [
                    19.403646182000045,
                    40.894790268
                  ],
                  [
                    19.4055546030001,
                    40.89994699900012
                  ],
                  [
                    19.408091789000082,
                    40.907193164000034
                  ],
                  [
                    19.411490479000065,
                    40.913998413000115
                  ],
                  [
                    19.413717724000094,
                    40.91898745600014
                  ],
                  [
                    19.417740928000057,
                    40.92377779300011
                  ],
                  [
                    19.424452928000107,
                    40.927881387000184
                  ],
                  [
                    19.429510487000186,
                    40.93151262100008
                  ],
                  [
                    19.434930875000134,
                    40.935438890000114
                  ],
                  [
                    19.43972301500014,
                    40.93854830800018
                  ],
                  [
                    19.444633866000117,
                    40.94130039200019
                  ],
                  [
                    19.448390756000094,
                    40.94379166200008
                  ],
                  [
                    19.453541903000087,
                    40.94651794500015
                  ],
                  [
                    19.45930185700007,
                    40.95009903700014
                  ],
                  [
                    19.463337465,
                    40.95323684000016
                  ],
                  [
                    19.466914579000047,
                    40.956020355000135
                  ],
                  [
                    19.47034217300012,
                    40.959486413000036
                  ],
                  [
                    19.47395744300013,
                    40.963774363000084
                  ],
                  [
                    19.476990171000068,
                    40.97008161200017
                  ],
                  [
                    19.4773578650001,
                    40.97555542000009
                  ],
                  [
                    19.47606223000014,
                    40.98147183400005
                  ],
                  [
                    19.473144419,
                    40.985766018000106
                  ],
                  [
                    19.469303908000143,
                    40.99002136500019
                  ],
                  [
                    19.46331780700018,
                    40.99460868900013
                  ],
                  [
                    19.45808800800006,
                    40.996292808000135
                  ],
                  [
                    19.44645088900012,
                    40.998488041000144
                  ],
                  [
                    19.44741766500016,
                    40.99342253300006
                  ],
                  [
                    19.441606875000048,
                    40.99482161900016
                  ],
                  [
                    19.438966714000173,
                    41.00161057300005
                  ],
                  [
                    19.43970362400006,
                    41.00773747699998
                  ],
                  [
                    19.43993707200019,
                    41.01449897100008
                  ],
                  [
                    19.441250484000136,
                    41.020257313000116
                  ],
                  [
                    19.442500115000087,
                    41.02586059599997
                  ],
                  [
                    19.44361178200012,
                    41.03115717600019
                  ],
                  [
                    19.442795516000103,
                    41.03611087900015
                  ],
                  [
                    19.439714454000068,
                    41.04172847500007
                  ],
                  [
                    19.44561495100004,
                    41.04619080700019
                  ],
                  [
                    19.449620221000146,
                    41.050186258999986
                  ],
                  [
                    19.45168387900003,
                    41.055850983000084
                  ],
                  [
                    19.453333474000146,
                    41.061916352000026
                  ],
                  [
                    19.454930624000156,
                    41.06893539400011
                  ],
                  [
                    19.456249715000126,
                    41.075139999000044
                  ],
                  [
                    19.456666948000077,
                    41.08513832200015
                  ],
                  [
                    19.456666948000077,
                    41.09111118400017
                  ],
                  [
                    19.456574123000166,
                    41.09745407100013
                  ],
                  [
                    19.455972195000072,
                    41.103473664000035
                  ],
                  [
                    19.45541648900013,
                    41.11074066200018
                  ],
                  [
                    19.453580645000102,
                    41.11696031399998
                  ],
                  [
                    19.451123742000107,
                    41.12089067300002
                  ],
                  [
                    19.448495135000144,
                    41.12453169000014
                  ],
                  [
                    19.44775289600011,
                    41.1299101890001
                  ],
                  [
                    19.444422055000075,
                    41.13322219800011
                  ],
                  [
                    19.440191268999968,
                    41.13952317100018
                  ],
                  [
                    19.437984072000063,
                    41.146108692000155
                  ],
                  [
                    19.44251187700013,
                    41.14870495200006
                  ],
                  [
                    19.447082519000162,
                    41.1491680150001
                  ],
                  [
                    19.45208295200007,
                    41.14888954100013
                  ],
                  [
                    19.456458569000176,
                    41.14854145000004
                  ],
                  [
                    19.461316299000146,
                    41.15029464700007
                  ],
                  [
                    19.466562414000123,
                    41.154847336000046
                  ],
                  [
                    19.470242857000073,
                    41.15947961900008
                  ],
                  [
                    19.472725391000154,
                    41.16392326400012
                  ],
                  [
                    19.47397700300013,
                    41.17098006300006
                  ],
                  [
                    19.47452761600016,
                    41.17699872600019
                  ],
                  [
                    19.477951130000065,
                    41.18303219500018
                  ],
                  [
                    19.481325789000152,
                    41.18947770300019
                  ],
                  [
                    19.48257802800009,
                    41.195976589000054
                  ],
                  [
                    19.485809353000036,
                    41.202817262
                  ],
                  [
                    19.492293656000186,
                    41.20723962799997
                  ],
                  [
                    19.49774068200003,
                    41.211898040000165
                  ],
                  [
                    19.501944304,
                    41.215555191000135
                  ],
                  [
                    19.50456924400015,
                    41.2188892370001
                  ],
                  [
                    19.507542133000186,
                    41.222555924000176
                  ],
                  [
                    19.511400541000057,
                    41.22840245600008
                  ],
                  [
                    19.513832856000136,
                    41.23308410700008
                  ],
                  [
                    19.515500116000055,
                    41.2373327250001
                  ],
                  [
                    19.517422782000153,
                    41.24239561400003
                  ],
                  [
                    19.519027900000083,
                    41.249417305000065
                  ],
                  [
                    19.519881112000178,
                    41.256011418000014
                  ],
                  [
                    19.52053550100004,
                    41.262886047000165
                  ],
                  [
                    19.51819515200009,
                    41.26645851200004
                  ],
                  [
                    19.516225394,
                    41.2726015180001
                  ],
                  [
                    19.51278855300012,
                    41.27974877000014
                  ],
                  [
                    19.510277748000135,
                    41.284216309000044
                  ],
                  [
                    19.507642555000132,
                    41.28831043300005
                  ],
                  [
                    19.50459185500017,
                    41.29232458600006
                  ],
                  [
                    19.500099912,
                    41.29663310400002
                  ],
                  [
                    19.494994859000144,
                    41.30136118700017
                  ],
                  [
                    19.49055894300011,
                    41.305285613000194
                  ],
                  [
                    19.48641722600013,
                    41.308198475000154
                  ],
                  [
                    19.48267137,
                    41.31073320900009
                  ],
                  [
                    19.477805710000155,
                    41.312618638
                  ],
                  [
                    19.471776268000042,
                    41.31469501100014
                  ],
                  [
                    19.464919790000124,
                    41.31315612800006
                  ],
                  [
                    19.45885034700018,
                    41.30980436900012
                  ],
                  [
                    19.453547282000102,
                    41.311980267000024
                  ],
                  [
                    19.448215811000125,
                    41.30740232800008
                  ],
                  [
                    19.440736873,
                    41.30972739700019
                  ],
                  [
                    19.43400508000019,
                    41.31221337200009
                  ],
                  [
                    19.430468219000034,
                    41.31991233600007
                  ],
                  [
                    19.42515132300008,
                    41.322791050000035
                  ],
                  [
                    19.42122756200007,
                    41.325606664000134
                  ],
                  [
                    19.419679914000085,
                    41.331463133
                  ],
                  [
                    19.418877688000123,
                    41.33814158500013
                  ],
                  [
                    19.418359597000176,
                    41.34462448800019
                  ],
                  [
                    19.41883314200004,
                    41.350341252000135
                  ],
                  [
                    19.419484902000136,
                    41.35489807200008
                  ],
                  [
                    19.4202596880001,
                    41.359456805000036
                  ],
                  [
                    19.420030912000186,
                    41.36614242000013
                  ],
                  [
                    19.420057720999978,
                    41.37259586700003
                  ],
                  [
                    19.422866974000158,
                    41.378040619000046
                  ],
                  [
                    19.421870002000105,
                    41.38371149700015
                  ],
                  [
                    19.417378590000112,
                    41.38904624200018
                  ],
                  [
                    19.410691228000132,
                    41.3920848460001
                  ],
                  [
                    19.4052800070001,
                    41.39389885800006
                  ],
                  [
                    19.4032176180001,
                    41.399035280000135
                  ],
                  [
                    19.398394470000028,
                    41.40296829300007
                  ],
                  [
                    19.394375180000168,
                    41.40702750100019
                  ],
                  [
                    19.390976799999976,
                    41.41216362900008
                  ],
                  [
                    19.396033832000057,
                    41.41265542200017
                  ],
                  [
                    19.400489913000115,
                    41.4103410510001
                  ],
                  [
                    19.405547142000103,
                    41.40759913100004
                  ],
                  [
                    19.40945310600017,
                    41.40035266899997
                  ],
                  [
                    19.416015720000132,
                    41.39822044400006
                  ],
                  [
                    19.425270557000033,
                    41.39754104600013
                  ],
                  [
                    19.4327417020001,
                    41.398663926000154
                  ],
                  [
                    19.438120786000184,
                    41.40053535900017
                  ],
                  [
                    19.44335105300013,
                    41.40274440899998
                  ],
                  [
                    19.446587164999983,
                    41.40860815100007
                  ],
                  [
                    19.441503393000175,
                    41.40890647600014
                  ],
                  [
                    19.44258791900006,
                    41.413862451000114
                  ],
                  [
                    19.444635963000053,
                    41.419660245000046
                  ],
                  [
                    19.444927143000143,
                    41.42411569500007
                  ],
                  [
                    19.447667609000064,
                    41.42916921000017
                  ],
                  [
                    19.44977651300013,
                    41.43602207800012
                  ],
                  [
                    19.45663972300008,
                    41.437854420000065
                  ],
                  [
                    19.463702287,
                    41.43819170500018
                  ],
                  [
                    19.466753733000075,
                    41.44137173600012
                  ],
                  [
                    19.471172436000188,
                    41.444411304000084
                  ],
                  [
                    19.474773295000148,
                    41.44736166600012
                  ],
                  [
                    19.479295994000154,
                    41.449861593000094
                  ],
                  [
                    19.483659910000085,
                    41.45336965800004
                  ],
                  [
                    19.48783874500009,
                    41.45717151400015
                  ],
                  [
                    19.492321177000065,
                    41.461403056000165
                  ],
                  [
                    19.496288776000142,
                    41.46528189500003
                  ],
                  [
                    19.50088087100005,
                    41.47013327400009
                  ],
                  [
                    19.504833218000158,
                    41.47586310700012
                  ],
                  [
                    19.509340180000038,
                    41.48257509900003
                  ],
                  [
                    19.511667040000134,
                    41.48841688400012
                  ],
                  [
                    19.513033802999985,
                    41.494498444000044
                  ],
                  [
                    19.514843782000128,
                    41.501361369999984
                  ],
                  [
                    19.515744536,
                    41.507705790000045
                  ],
                  [
                    19.515767813000082,
                    41.51502919200004
                  ],
                  [
                    19.515840371000024,
                    41.51945718200017
                  ],
                  [
                    19.51574635500009,
                    41.52410888700018
                  ],
                  [
                    19.514223978000132,
                    41.52943583600012
                  ],
                  [
                    19.510956206000117,
                    41.53551812000012
                  ],
                  [
                    19.50736626300005,
                    41.53947929700007
                  ],
                  [
                    19.501497995000136,
                    41.541560945000185
                  ],
                  [
                    19.494798115000037,
                    41.543078286000025
                  ],
                  [
                    19.488416009000048,
                    41.544472570000096
                  ],
                  [
                    19.48132526900008,
                    41.546612025000115
                  ],
                  [
                    19.47698815700005,
                    41.54806836500018
                  ],
                  [
                    19.472191365000185,
                    41.54937718800005
                  ],
                  [
                    19.467599995000114,
                    41.553230931000144
                  ],
                  [
                    19.46131103500005,
                    41.55749984800008
                  ],
                  [
                    19.46136856100003,
                    41.56222915700016
                  ],
                  [
                    19.460228920000134,
                    41.56658405800016
                  ],
                  [
                    19.457630489000167,
                    41.57039874600014
                  ],
                  [
                    19.45415054100016,
                    41.57479413400017
                  ],
                  [
                    19.4520062040001,
                    41.57922499500006
                  ],
                  [
                    19.448187391999966,
                    41.585391461000086
                  ],
                  [
                    19.457446933000085,
                    41.58422442099999
                  ],
                  [
                    19.464143836000062,
                    41.5810150480001
                  ],
                  [
                    19.470625496000025,
                    41.57878507000015
                  ],
                  [
                    19.47697060500002,
                    41.57519572199999
                  ],
                  [
                    19.484101189000114,
                    41.5737111840001
                  ],
                  [
                    19.489601136000147,
                    41.57268058000011
                  ],
                  [
                    19.496929689000183,
                    41.57163724100019
                  ],
                  [
                    19.501364422,
                    41.570258522000074
                  ],
                  [
                    19.5073906290001,
                    41.56928669300004
                  ],
                  [
                    19.512408999000172,
                    41.56906890900012
                  ],
                  [
                    19.517352190000167,
                    41.56930507300012
                  ],
                  [
                    19.52272272099998,
                    41.569331170000055
                  ],
                  [
                    19.52835793900016,
                    41.569845026000166
                  ],
                  [
                    19.533424456000034,
                    41.57060425300017
                  ],
                  [
                    19.53958030000007,
                    41.5723542720001
                  ],
                  [
                    19.54522787500008,
                    41.57438148200015
                  ],
                  [
                    19.550038274000144,
                    41.57546081600009
                  ],
                  [
                    19.554153671,
                    41.57814346300012
                  ],
                  [
                    19.560314701000152,
                    41.58144897900007
                  ],
                  [
                    19.564966233000064,
                    41.58549390700006
                  ],
                  [
                    19.568852259000096,
                    41.588685
                  ],
                  [
                    19.572310562000155,
                    41.592953791000184
                  ],
                  [
                    19.57596880800014,
                    41.597884731000136
                  ],
                  [
                    19.579241662000072,
                    41.60236627900002
                  ],
                  [
                    19.583704049000062,
                    41.60853904900006
                  ],
                  [
                    19.58742773300014,
                    41.61393220000019
                  ],
                  [
                    19.591656882,
                    41.61525838200015
                  ],
                  [
                    19.593165407000072,
                    41.62215329600008
                  ],
                  [
                    19.59561052200013,
                    41.617365312
                  ],
                  [
                    19.598695947000067,
                    41.61217921100018
                  ],
                  [
                    19.60367381300017,
                    41.61310125000017
                  ],
                  [
                    19.605894073,
                    41.61870353700016
                  ],
                  [
                    19.608280917000172,
                    41.624973916000044
                  ],
                  [
                    19.607650737000085,
                    41.630118263000156
                  ],
                  [
                    19.604823000000124,
                    41.63547203600018
                  ],
                  [
                    19.599088006000102,
                    41.64061117900002
                  ],
                  [
                    19.593629794000037,
                    41.64433708800004
                  ],
                  [
                    19.588540857000055,
                    41.64740911400003
                  ],
                  [
                    19.583225502000175,
                    41.646266750000166
                  ],
                  [
                    19.580480836000106,
                    41.64285751800003
                  ],
                  [
                    19.578021293000063,
                    41.636100021000175
                  ],
                  [
                    19.57420713500011,
                    41.63995430200015
                  ],
                  [
                    19.57099658600015,
                    41.647625772000026
                  ],
                  [
                    19.57065844600004,
                    41.65443413100013
                  ],
                  [
                    19.572088877,
                    41.65979312700017
                  ],
                  [
                    19.574031456000057,
                    41.66396522500003
                  ],
                  [
                    19.572696762000135,
                    41.66939483600015
                  ],
                  [
                    19.574490920000073,
                    41.67533907800009
                  ],
                  [
                    19.576700574000142,
                    41.67954563000018
                  ],
                  [
                    19.57926777900019,
                    41.68490799000011
                  ],
                  [
                    19.582018171000186,
                    41.69180070800019
                  ],
                  [
                    19.58309354300019,
                    41.69769728900002
                  ],
                  [
                    19.58334102600014,
                    41.70261154200011
                  ],
                  [
                    19.58394857200011,
                    41.70805382800012
                  ],
                  [
                    19.583429064000143,
                    41.71535982400013
                  ],
                  [
                    19.58237356300009,
                    41.721741051000095
                  ],
                  [
                    19.579677214000185,
                    41.728395786000135
                  ],
                  [
                    19.577825792000112,
                    41.733369
                  ],
                  [
                    19.577255155000103,
                    41.74043018200018
                  ],
                  [
                    19.581665649000172,
                    41.748906089000116
                  ],
                  [
                    19.57636622200016,
                    41.75102431100004
                  ],
                  [
                    19.579551332999984,
                    41.753943750000076
                  ],
                  [
                    19.58448611800003,
                    41.75543852900006
                  ],
                  [
                    19.590166300000135,
                    41.755991700000095
                  ],
                  [
                    19.596305666999967,
                    41.756013833000054
                  ],
                  [
                    19.600794414000063,
                    41.75783034500006
                  ],
                  [
                    19.607147806000114,
                    41.76122433600011
                  ],
                  [
                    19.608610346000148,
                    41.76948211500013
                  ],
                  [
                    19.611022891000175,
                    41.774856957000054
                  ],
                  [
                    19.608095477000063,
                    41.78075770800001
                  ],
                  [
                    19.61349403200012,
                    41.782495129000154
                  ],
                  [
                    19.615440107000097,
                    41.778670821000105
                  ],
                  [
                    19.61765217500016,
                    41.78487390000009
                  ],
                  [
                    19.61531602200006,
                    41.78953716400008
                  ],
                  [
                    19.614256920000173,
                    41.797309080000105
                  ],
                  [
                    19.609623767000073,
                    41.79371246700015
                  ],
                  [
                    19.60361386200009,
                    41.791276414000095
                  ],
                  [
                    19.60125696900002,
                    41.79804575000014
                  ],
                  [
                    19.59958900000015,
                    41.804429
                  ],
                  [
                    19.597992545000125,
                    41.80888650000003
                  ],
                  [
                    19.593598867000026,
                    41.81199243300006
                  ],
                  [
                    19.586978511000098,
                    41.81170434600011
                  ],
                  [
                    19.580307087000165,
                    41.81028534800015
                  ],
                  [
                    19.573252640000135,
                    41.81280624000016
                  ],
                  [
                    19.568495550000137,
                    41.81533080000014
                  ],
                  [
                    19.56498182400003,
                    41.81814411800002
                  ],
                  [
                    19.56045925000012,
                    41.821083417000125
                  ],
                  [
                    19.55507628400005,
                    41.824758668000015
                  ],
                  [
                    19.54796439300003,
                    41.82900546400003
                  ],
                  [
                    19.541447344,
                    41.83218927100012
                  ],
                  [
                    19.535231667000062,
                    41.83472205600003
                  ],
                  [
                    19.531997905000026,
                    41.83859676200012
                  ],
                  [
                    19.52757907100016,
                    41.84069432100006
                  ],
                  [
                    19.52258330000012,
                    41.84250060000005
                  ],
                  [
                    19.51550966700006,
                    41.84277766700012
                  ],
                  [
                    19.50871612500015,
                    41.84513906300009
                  ],
                  [
                    19.50125000000014,
                    41.84694460000003
                  ],
                  [
                    19.49555550000008,
                    41.84819425000006
                  ],
                  [
                    19.490416667000034,
                    41.84958375000008
                  ],
                  [
                    19.48386828600013,
                    41.851389
                  ],
                  [
                    19.476950548000048,
                    41.85341250000016
                  ],
                  [
                    19.470234739000148,
                    41.85675716000014
                  ],
                  [
                    19.465539889000183,
                    41.85740694400005
                  ],
                  [
                    19.45969194500003,
                    41.858417099000064
                  ],
                  [
                    19.45385548600018,
                    41.859860282
                  ],
                  [
                    19.459074000000157,
                    41.86414383300013
                  ],
                  [
                    19.46357017600019,
                    41.86615247100008
                  ],
                  [
                    19.461393519000126,
                    41.870900259000166
                  ],
                  [
                    19.4555755,
                    41.87545671400011
                  ],
                  [
                    19.448916400000087,
                    41.879333
                  ],
                  [
                    19.443194167000115,
                    41.88148133300007
                  ],
                  [
                    19.438055500000132,
                    41.88270737500011
                  ],
                  [
                    19.43266278300007,
                    41.87982495700015
                  ],
                  [
                    19.43434236400003,
                    41.87483618200014
                  ],
                  [
                    19.439451713999972,
                    41.870191952000084
                  ],
                  [
                    19.44673575000013,
                    41.8692356250001
                  ],
                  [
                    19.450839348000045,
                    41.86672156500009
                  ],
                  [
                    19.448267263000105,
                    41.86301894700017
                  ],
                  [
                    19.443035286,
                    41.86035628600018
                  ],
                  [
                    19.437162571000044,
                    41.86079421400018
                  ],
                  [
                    19.432917,
                    41.86111250000005
                  ],
                  [
                    19.428472000000113,
                    41.86166616700012
                  ],
                  [
                    19.423472500000173,
                    41.86236175000005
                  ],
                  [
                    19.416805500000123,
                    41.862916
                  ],
                  [
                    19.412546000000134,
                    41.863240167000185
                  ],
                  [
                    19.40464455600005,
                    41.86155877800002
                  ],
                  [
                    19.399087571000052,
                    41.85682557100017
                  ],
                  [
                    19.394289579000088,
                    41.85290568400012
                  ],
                  [
                    19.389384524000036,
                    41.85045761900017
                  ],
                  [
                    19.382608222000158,
                    41.847901611000054
                  ],
                  [
                    19.375968320000027,
                    41.85027981300004
                  ],
                  [
                    19.377112809000153,
                    41.866320183000084
                  ],
                  [
                    19.37847900000014,
                    41.878113000000155
                  ],
                  [
                    19.378204,
                    41.88035600000012
                  ],
                  [
                    19.378006,
                    41.8819850000001
                  ],
                  [
                    19.376902,
                    41.883541
                  ],
                  [
                    19.366947,
                    41.887012
                  ],
                  [
                    19.362862,
                    41.895012
                  ],
                  [
                    19.362521500000128,
                    41.895147500000064
                  ],
                  [
                    19.355087,
                    41.898178
                  ],
                  [
                    19.343636333000177,
                    41.90173675000011
                  ],
                  [
                    19.34228792300013,
                    41.907238263000124
                  ],
                  [
                    19.34266100000019,
                    41.90746700000011
                  ],
                  [
                    19.34271140499999,
                    41.907501121
                  ],
                  [
                    19.347687,
                    41.91055700000015
                  ],
                  [
                    19.351669000000186,
                    41.91100300000011
                  ],
                  [
                    19.35219550000005,
                    41.91204450000015
                  ],
                  [
                    19.358688,
                    41.91686200000015
                  ],
                  [
                    19.368069000000162,
                    41.918499
                  ],
                  [
                    19.368401,
                    41.919693
                  ],
                  [
                    19.368721030000074,
                    41.920832116000156
                  ],
                  [
                    19.369209000000126,
                    41.92256900000018
                  ],
                  [
                    19.36605500000013,
                    41.92809700000015
                  ],
                  [
                    19.361862000000144,
                    41.929661
                  ],
                  [
                    19.353390000000104,
                    41.93346800000012
                  ],
                  [
                    19.350004,
                    41.93829700000015
                  ],
                  [
                    19.352573000000177,
                    41.95277875000005
                  ],
                  [
                    19.36022496000004,
                    41.95525931900005
                  ],
                  [
                    19.371022510000103,
                    41.95559166400011
                  ],
                  [
                    19.379912693000165,
                    41.95759003700016
                  ],
                  [
                    19.38029148700008,
                    41.95823149500012
                  ],
                  [
                    19.381701,
                    41.95871000000017
                  ],
                  [
                    19.384218000000146,
                    41.961941
                  ],
                  [
                    19.384125,
                    41.962097
                  ],
                  [
                    19.383349812000063,
                    41.963413072000094
                  ],
                  [
                    19.382795000000158,
                    41.964355
                  ],
                  [
                    19.38226500000019,
                    41.96525600000018
                  ],
                  [
                    19.376282,
                    41.968773
                  ],
                  [
                    19.37564685100017,
                    41.97384492100019
                  ],
                  [
                    19.37559701400005,
                    41.974243058000184
                  ],
                  [
                    19.37584276600012,
                    41.97523160200012
                  ],
                  [
                    19.378038406000087,
                    41.984062195000035
                  ],
                  [
                    19.378517151000153,
                    41.99247551000008
                  ],
                  [
                    19.381711796000104,
                    41.99509342199997
                  ],
                  [
                    19.382795000000158,
                    41.99562100000014
                  ],
                  [
                    19.384270000000186,
                    41.99633400000016
                  ],
                  [
                    19.384152323000137,
                    41.99652515100007
                  ],
                  [
                    19.383072,
                    41.99828000000019
                  ],
                  [
                    19.380754,
                    42.00204500000018
                  ],
                  [
                    19.37443700000017,
                    42.01085300000011
                  ],
                  [
                    19.372824619000085,
                    42.01336121700007
                  ],
                  [
                    19.369221,
                    42.018967000000146
                  ],
                  [
                    19.36755600000015,
                    42.023857000000135
                  ],
                  [
                    19.368477879000125,
                    42.02849787800005
                  ],
                  [
                    19.36910820000014,
                    42.0316696160001
                  ],
                  [
                    19.37090984600019,
                    42.03499218000002
                  ],
                  [
                    19.373198000000173,
                    42.039211
                  ],
                  [
                    19.374102000000164,
                    42.040878000000134
                  ],
                  [
                    19.37655934600008,
                    42.04565318300007
                  ],
                  [
                    19.376567870000088,
                    42.04566974800014
                  ],
                  [
                    19.37675160900011,
                    42.04686950600012
                  ],
                  [
                    19.37740325800013,
                    42.05112457299998
                  ],
                  [
                    19.3775806430001,
                    42.05620384200006
                  ],
                  [
                    19.378224478,
                    42.06396025900011
                  ],
                  [
                    19.37822762400009,
                    42.06399486200007
                  ],
                  [
                    19.380371643000103,
                    42.071728172000064
                  ],
                  [
                    19.380377000000124,
                    42.07174700000019
                  ],
                  [
                    19.385571,
                    42.079433
                  ],
                  [
                    19.388279193000187,
                    42.08126461400008
                  ],
                  [
                    19.389368057000183,
                    42.08200073200004
                  ],
                  [
                    19.39430427500008,
                    42.087741851000146
                  ],
                  [
                    19.395804804000136,
                    42.09256566000005
                  ],
                  [
                    19.3989483310001,
                    42.098040031000096
                  ],
                  [
                    19.398985,
                    42.098091000000124
                  ],
                  [
                    19.40043400000019,
                    42.100105000000156
                  ],
                  [
                    19.40032200000013,
                    42.10056700000018
                  ],
                  [
                    19.3993210000001,
                    42.104668
                  ],
                  [
                    19.388801076000107,
                    42.11132124900013
                  ],
                  [
                    19.38622093200013,
                    42.11295318700019
                  ],
                  [
                    19.341726304000133,
                    42.14110565200008
                  ],
                  [
                    19.321535110000184,
                    42.15279769900019
                  ],
                  [
                    19.28578567500017,
                    42.18000602800015
                  ],
                  [
                    19.28714942900018,
                    42.18130111700009
                  ],
                  [
                    19.339183807000154,
                    42.230693816999974
                  ],
                  [
                    19.34806823600013,
                    42.23785019000013
                  ],
                  [
                    19.349943161000112,
                    42.24338913000014
                  ],
                  [
                    19.35020065400016,
                    42.24779892100008
                  ],
                  [
                    19.35263443000008,
                    42.25436782899999
                  ],
                  [
                    19.358560563000083,
                    42.26055526900018
                  ],
                  [
                    19.366075515000148,
                    42.26647567900011
                  ],
                  [
                    19.372571945000118,
                    42.27231216500007
                  ],
                  [
                    19.37520408500012,
                    42.27981185900012
                  ],
                  [
                    19.37789916899999,
                    42.28692627000015
                  ],
                  [
                    19.380376815000034,
                    42.29172515900012
                  ],
                  [
                    19.387073516000157,
                    42.296043397000176
                  ],
                  [
                    19.39731407100004,
                    42.30429840099998
                  ],
                  [
                    19.41289710900014,
                    42.316696167000146
                  ],
                  [
                    19.415445328000033,
                    42.321609497000054
                  ],
                  [
                    19.416243553000072,
                    42.32314872800015
                  ],
                  [
                    19.41704177800011,
                    42.324687959000016
                  ],
                  [
                    19.416608810000184,
                    42.32799911400019
                  ],
                  [
                    19.41648483300014,
                    42.328932444000145
                  ],
                  [
                    19.415330888000142,
                    42.33766937200005
                  ],
                  [
                    19.414614677000145,
                    42.34618759300008
                  ],
                  [
                    19.414905548000092,
                    42.34706878800006
                  ],
                  [
                    19.41692733800005,
                    42.35319519000018
                  ],
                  [
                    19.419155120000028,
                    42.35815048200004
                  ],
                  [
                    19.42174911400008,
                    42.36392593500011
                  ],
                  [
                    19.429393769000114,
                    42.37292480400015
                  ],
                  [
                    19.430481912000175,
                    42.374540329000126
                  ],
                  [
                    19.43664741500004,
                    42.381126403999986
                  ],
                  [
                    19.44755363500002,
                    42.384948730000076
                  ],
                  [
                    19.45321846100012,
                    42.38679885900012
                  ],
                  [
                    19.459522247000166,
                    42.388854981000065
                  ],
                  [
                    19.46541023200018,
                    42.39156341500018
                  ],
                  [
                    19.47278785800006,
                    42.3947601320001
                  ],
                  [
                    19.479612350000025,
                    42.40216445900012
                  ],
                  [
                    19.484996795000143,
                    42.40869140600006
                  ],
                  [
                    19.488854600000025,
                    42.41485366800015
                  ],
                  [
                    19.490257264000093,
                    42.420230866000054
                  ],
                  [
                    19.493305207000105,
                    42.424255372000175
                  ],
                  [
                    19.498239518000105,
                    42.43078613300008
                  ],
                  [
                    19.49825859200007,
                    42.4308166510001
                  ],
                  [
                    19.49827766500016,
                    42.43084716800007
                  ],
                  [
                    19.501665116000027,
                    42.43641281200013
                  ],
                  [
                    19.50988388100012,
                    42.441204071000186
                  ],
                  [
                    19.513862610000103,
                    42.442630768000186
                  ],
                  [
                    19.51418399800002,
                    42.44279289300016
                  ],
                  [
                    19.514505385000064,
                    42.44295501800019
                  ],
                  [
                    19.51824951100008,
                    42.44485473700007
                  ],
                  [
                    19.518280029000096,
                    42.44591713000011
                  ],
                  [
                    19.518310546000066,
                    42.446979522000106
                  ],
                  [
                    19.518434524000043,
                    42.451419830000134
                  ],
                  [
                    19.52211189200017,
                    42.45513534600008
                  ],
                  [
                    19.529439925000133,
                    42.45939254800004
                  ],
                  [
                    19.5298891060001,
                    42.45965385500011
                  ],
                  [
                    19.530338287000063,
                    42.459915161000026
                  ],
                  [
                    19.539411545000064,
                    42.47016906800019
                  ],
                  [
                    19.541604995,
                    42.47599029600008
                  ],
                  [
                    19.54328346200009,
                    42.480442047000054
                  ],
                  [
                    19.546298980000188,
                    42.4852714540001
                  ],
                  [
                    19.552934646000153,
                    42.49033737100012
                  ],
                  [
                    19.558649064000065,
                    42.49842453000019
                  ],
                  [
                    19.560611726000104,
                    42.507423402000086
                  ],
                  [
                    19.563135147000082,
                    42.51605987600004
                  ],
                  [
                    19.56987190200016,
                    42.520366668000065
                  ],
                  [
                    19.58350944600005,
                    42.52359771700014
                  ],
                  [
                    19.602360726000143,
                    42.53335380600009
                  ],
                  [
                    19.604022980000025,
                    42.534214020000036
                  ],
                  [
                    19.612426759000186,
                    42.54170227100013
                  ],
                  [
                    19.619812012000068,
                    42.549121856
                  ],
                  [
                    19.618188859000156,
                    42.553657531000056
                  ],
                  [
                    19.615484237000032,
                    42.55847549400016
                  ],
                  [
                    19.610643388000142,
                    42.564208985000164
                  ],
                  [
                    19.610601426000017,
                    42.5642585760001
                  ],
                  [
                    19.60778427100007,
                    42.56970596300005
                  ],
                  [
                    19.61277580300009,
                    42.579475403000174
                  ],
                  [
                    19.622867583000186,
                    42.59015655600007
                  ],
                  [
                    19.64503288200018,
                    42.61243820300007
                  ],
                  [
                    19.64595474100014,
                    42.61339107300006
                  ],
                  [
                    19.646280288000185,
                    42.61372757100003
                  ],
                  [
                    19.64661788900014,
                    42.61407470700016
                  ],
                  [
                    19.654942405000043,
                    42.62264948700016
                  ],
                  [
                    19.65616130899997,
                    42.62390518300015
                  ],
                  [
                    19.65978622500006,
                    42.626365663000115
                  ],
                  [
                    19.665870667000092,
                    42.629837036000026
                  ],
                  [
                    19.67391777,
                    42.6312942510001
                  ],
                  [
                    19.679239274000167,
                    42.63253275500006
                  ],
                  [
                    19.68222427400002,
                    42.635692597
                  ],
                  [
                    19.687191010000106,
                    42.6418037410001
                  ],
                  [
                    19.695910455000103,
                    42.64638137800006
                  ],
                  [
                    19.700882912000054,
                    42.650337220000154
                  ],
                  [
                    19.70157051100017,
                    42.655841827000074
                  ],
                  [
                    19.70691871700018,
                    42.65888977200012
                  ],
                  [
                    19.716136933000143,
                    42.66026687599998
                  ],
                  [
                    19.72368335700014,
                    42.66043090800008
                  ],
                  [
                    19.729419708000023,
                    42.65844345100004
                  ],
                  [
                    19.735466004000102,
                    42.65190887500006
                  ],
                  [
                    19.737548827000012,
                    42.64781189000013
                  ],
                  [
                    19.742457390000027,
                    42.64342308100015
                  ],
                  [
                    19.748064042000067,
                    42.643096924000076
                  ],
                  [
                    19.752924920000112,
                    42.64179801900019
                  ],
                  [
                    19.75294399300003,
                    42.637453080000114
                  ],
                  [
                    19.750747681000178,
                    42.633083344000056
                  ],
                  [
                    19.748254776000067,
                    42.62925338800005
                  ],
                  [
                    19.749827386000163,
                    42.62388992300009
                  ],
                  [
                    19.753654478999977,
                    42.61959076000011
                  ],
                  [
                    19.761445046000063,
                    42.605918885000165
                  ],
                  [
                    19.76541908400003,
                    42.60182605800003
                  ],
                  [
                    19.768377304000012,
                    42.59892273000014
                  ],
                  [
                    19.76942253100009,
                    42.59789657600015
                  ],
                  [
                    19.770240784,
                    42.5965232850001
                  ],
                  [
                    19.772214889000054,
                    42.59321212700007
                  ],
                  [
                    19.772807121000028,
                    42.592218399000046
                  ],
                  [
                    19.77096557600015,
                    42.58779525700004
                  ],
                  [
                    19.760860444000173,
                    42.58731842100019
                  ],
                  [
                    19.75358390800011,
                    42.58299636800007
                  ],
                  [
                    19.75040626499998,
                    42.57932662900009
                  ],
                  [
                    19.751081467000063,
                    42.57397461000005
                  ],
                  [
                    19.751272202000166,
                    42.57244873100018
                  ],
                  [
                    19.754066468000076,
                    42.56685256900005
                  ],
                  [
                    19.747323990000154,
                    42.55832672200012
                  ],
                  [
                    19.744554304000133,
                    42.55162283100009
                  ],
                  [
                    19.74365043600011,
                    42.55038452200006
                  ],
                  [
                    19.743875503000027,
                    42.54993820200008
                  ],
                  [
                    19.745723725000175,
                    42.54627990800009
                  ],
                  [
                    19.748659135000025,
                    42.53954315200008
                  ],
                  [
                    19.750333786000112,
                    42.534637452000084
                  ],
                  [
                    19.754390716000046,
                    42.52720642100013
                  ],
                  [
                    19.760515213000133,
                    42.5199012760001
                  ],
                  [
                    19.762906075000046,
                    42.5092754370001
                  ],
                  [
                    19.76309776400018,
                    42.507755280000026
                  ],
                  [
                    19.76613044600009,
                    42.50413513300009
                  ],
                  [
                    19.766756057000066,
                    42.50338935899998
                  ],
                  [
                    19.767381668000098,
                    42.5026435850001
                  ],
                  [
                    19.77375793400006,
                    42.499382020000155
                  ],
                  [
                    19.773910522000108,
                    42.49930381899998
                  ],
                  [
                    19.7740631100001,
                    42.49922561700009
                  ],
                  [
                    19.779516221000165,
                    42.497264863000055
                  ],
                  [
                    19.784511565000116,
                    42.49066162100013
                  ],
                  [
                    19.790428162000012,
                    42.48467636100014
                  ],
                  [
                    19.791188800999976,
                    42.483902003000026
                  ],
                  [
                    19.791379929000186,
                    42.48370742800017
                  ],
                  [
                    19.791658402000053,
                    42.48342132700003
                  ],
                  [
                    19.792234422000092,
                    42.483127594000166
                  ],
                  [
                    19.805004120000092,
                    42.47658920200007
                  ],
                  [
                    19.81995201100011,
                    42.46947097800012
                  ],
                  [
                    19.821492196000065,
                    42.46897697500003
                  ],
                  [
                    19.823032380000143,
                    42.46848297200012
                  ],
                  [
                    19.82591438300011,
                    42.46755218599998
                  ],
                  [
                    19.82658891200009,
                    42.467678955999986
                  ],
                  [
                    19.82732997300019,
                    42.46749022400019
                  ],
                  [
                    19.833229066000058,
                    42.46741676400018
                  ],
                  [
                    19.834953309000184,
                    42.47429847800004
                  ],
                  [
                    19.841026306,
                    42.47826767100014
                  ],
                  [
                    19.8418560020001,
                    42.4784240730001
                  ],
                  [
                    19.846296310000128,
                    42.479267120000145
                  ],
                  [
                    19.850620269000046,
                    42.48044776900019
                  ],
                  [
                    19.85686715500003,
                    42.48149236100011
                  ],
                  [
                    19.858495712000035,
                    42.48159790100016
                  ],
                  [
                    19.86811447200006,
                    42.48375320500014
                  ],
                  [
                    19.868574142000114,
                    42.48437118600003
                  ],
                  [
                    19.86989212100019,
                    42.48618698200016
                  ],
                  [
                    19.870415357000127,
                    42.48983529700013
                  ],
                  [
                    19.8705654150001,
                    42.49032402100005
                  ],
                  [
                    19.873070717000076,
                    42.49408531200015
                  ],
                  [
                    19.881347021000067,
                    42.49378077200015
                  ],
                  [
                    19.88617134100008,
                    42.489158631000066
                  ],
                  [
                    19.890214921000165,
                    42.48594665500008
                  ],
                  [
                    19.89509201000004,
                    42.48857116800008
                  ],
                  [
                    19.89565029500011,
                    42.49035467800019
                  ],
                  [
                    19.895656053000096,
                    42.49037307300006
                  ],
                  [
                    19.8956604010001,
                    42.490386963000105
                  ],
                  [
                    19.896209717000033,
                    42.49211502200018
                  ],
                  [
                    19.896568298000147,
                    42.497291565000126
                  ],
                  [
                    19.896576881000044,
                    42.497406007000166
                  ],
                  [
                    19.89808082700017,
                    42.50224304200009
                  ],
                  [
                    19.906286239000167,
                    42.507392883000136
                  ],
                  [
                    19.929990769000028,
                    42.517757416000165
                  ],
                  [
                    19.937080384000126,
                    42.519374847000165
                  ],
                  [
                    19.941678047000153,
                    42.51652526900011
                  ],
                  [
                    19.942153930000188,
                    42.51622772200005
                  ],
                  [
                    19.94985580499997,
                    42.51286315900012
                  ],
                  [
                    19.95746994000018,
                    42.51026916500007
                  ],
                  [
                    19.962108612000122,
                    42.511531830000195
                  ],
                  [
                    19.968547821000072,
                    42.513290405000134
                  ],
                  [
                    19.973526002000142,
                    42.51514434900008
                  ],
                  [
                    19.97868537900007,
                    42.515476227000136
                  ],
                  [
                    19.98840904200017,
                    42.51262283300014
                  ],
                  [
                    19.990240098000186,
                    42.512355805000084
                  ],
                  [
                    19.99233436600008,
                    42.51206970200013
                  ],
                  [
                    19.99373054400013,
                    42.51187515300012
                  ],
                  [
                    19.99794006400009,
                    42.511302949000026
                  ],
                  [
                    19.998010635000128,
                    42.51137161200012
                  ],
                  [
                    19.999478436000174,
                    42.51277158100004
                  ],
                  [
                    20.000982284000088,
                    42.51420593200015
                  ],
                  [
                    20.003997803000118,
                    42.51707839900001
                  ],
                  [
                    20.008358002000023,
                    42.52812957700013
                  ],
                  [
                    20.010631561000082,
                    42.53519821100019
                  ],
                  [
                    20.01387977600018,
                    42.53847503700007
                  ],
                  [
                    20.025245667000092,
                    42.54521370100002
                  ],
                  [
                    20.033109664000165,
                    42.548316956
                  ],
                  [
                    20.038461685000073,
                    42.55042648400013
                  ],
                  [
                    20.03962135400019,
                    42.55101394700017
                  ],
                  [
                    20.03964906599998,
                    42.551028011000085
                  ],
                  [
                    20.03974840700016,
                    42.551078427000164
                  ],
                  [
                    20.04630851800016,
                    42.554389953000054
                  ],
                  [
                    20.05155754100008,
                    42.55725860700011
                  ],
                  [
                    20.052106857000012,
                    42.55756187500015
                  ],
                  [
                    20.05815506000016,
                    42.55975723200015
                  ],
                  [
                    20.064065932000176,
                    42.559368134000124
                  ],
                  [
                    20.070236206000175,
                    42.55896759000018
                  ],
                  [
                    20.075498581000147,
                    42.557178498000155
                  ],
                  [
                    20.083106995000094,
                    42.554338457000085
                  ],
                  [
                    20.083492280000087,
                    42.55393219100006
                  ],
                  [
                    20.09168052600012,
                    42.54529952900003
                  ],
                  [
                    20.099897384000144,
                    42.537086487000124
                  ],
                  [
                    20.102930068999967,
                    42.534057617000144
                  ],
                  [
                    20.11283016300007,
                    42.528600693000044
                  ],
                  [
                    20.11296463100018,
                    42.528526306000174
                  ],
                  [
                    20.119827269999973,
                    42.525501251000094
                  ],
                  [
                    20.12824249200014,
                    42.52178573700013
                  ],
                  [
                    20.134405136,
                    42.51907730100004
                  ],
                  [
                    20.15413284300007,
                    42.512214661000144
                  ],
                  [
                    20.15884399400005,
                    42.510578155000076
                  ],
                  [
                    20.1668090820001,
                    42.504913329000146
                  ],
                  [
                    20.167715072000078,
                    42.497264863000055
                  ],
                  [
                    20.17076873700006,
                    42.49360656700003
                  ],
                  [
                    20.17672729500015,
                    42.48936080900012
                  ],
                  [
                    20.180059433000167,
                    42.48109054600019
                  ],
                  [
                    20.18163299600002,
                    42.47656631600012
                  ],
                  [
                    20.18565559500007,
                    42.47335434000013
                  ],
                  [
                    20.186816216000068,
                    42.47298050000006
                  ],
                  [
                    20.18797683600019,
                    42.472606660000054
                  ],
                  [
                    20.19268989500017,
                    42.47109222400019
                  ],
                  [
                    20.19638252300018,
                    42.466320038
                  ],
                  [
                    20.196353911000074,
                    42.46625137300009
                  ],
                  [
                    20.19508552600007,
                    42.46347427500018
                  ],
                  [
                    20.193487167000058,
                    42.45997238100017
                  ],
                  [
                    20.19159126300019,
                    42.454090118000124
                  ],
                  [
                    20.19476699900008,
                    42.449272157000166
                  ],
                  [
                    20.201681138000083,
                    42.44354248100018
                  ],
                  [
                    20.209547042000054,
                    42.43864059400005
                  ],
                  [
                    20.211222648000103,
                    42.43765449500012
                  ],
                  [
                    20.212898254000038,
                    42.43666839600013
                  ],
                  [
                    20.219041824000158,
                    42.43305969200014
                  ],
                  [
                    20.22472953800019,
                    42.424564362000126
                  ],
                  [
                    20.222789764000083,
                    42.416422845
                  ],
                  [
                    20.21299171400011,
                    42.40959930500014
                  ],
                  [
                    20.21138382000015,
                    42.40564727800012
                  ],
                  [
                    20.211954117000175,
                    42.40082931500018
                  ],
                  [
                    20.212017060000107,
                    42.40029525700004
                  ],
                  [
                    20.21738243100009,
                    42.39447021400008
                  ],
                  [
                    20.225368501000048,
                    42.38841629000012
                  ],
                  [
                    20.23568725700011,
                    42.38019561800007
                  ],
                  [
                    20.24154472400005,
                    42.37015915000012
                  ],
                  [
                    20.242633820000094,
                    42.36099243300009
                  ],
                  [
                    20.239919662999966,
                    42.35313415500019
                  ],
                  [
                    20.239704131999986,
                    42.346317292000094
                  ],
                  [
                    20.239704131999986,
                    42.3461761480001
                  ],
                  [
                    20.239821392000124,
                    42.345198249000134
                  ],
                  [
                    20.240007401000128,
                    42.343647003
                  ],
                  [
                    20.240016937000064,
                    42.343528747000164
                  ],
                  [
                    20.24105453599998,
                    42.33471679700011
                  ],
                  [
                    20.243415832000153,
                    42.329841613000156
                  ],
                  [
                    20.244491577000076,
                    42.32762145900011
                  ],
                  [
                    20.246091842000055,
                    42.32600402800011
                  ],
                  [
                    20.250965118000067,
                    42.321090698000035
                  ],
                  [
                    20.25738906900017,
                    42.318599701000096
                  ],
                  [
                    20.261289597000143,
                    42.31709671100003
                  ],
                  [
                    20.2618494030001,
                    42.31719970700004
                  ],
                  [
                    20.268425970000067,
                    42.318405301000155
                  ],
                  [
                    20.273275376000186,
                    42.31929397600004
                  ],
                  [
                    20.275156975000186,
                    42.31963920600003
                  ],
                  [
                    20.277038574000187,
                    42.31998443600014
                  ],
                  [
                    20.286638259000142,
                    42.32210922300004
                  ],
                  [
                    20.294458389000056,
                    42.321811677000085
                  ],
                  [
                    20.298719663000043,
                    42.319474316000026
                  ],
                  [
                    20.298582077,
                    42.31914138900015
                  ],
                  [
                    20.29723358100017,
                    42.31582641600005
                  ],
                  [
                    20.29741001100001,
                    42.31429672200011
                  ],
                  [
                    20.297586440000146,
                    42.312767028
                  ],
                  [
                    20.301378250000027,
                    42.31145477400014
                  ],
                  [
                    20.30530738900012,
                    42.31324005200008
                  ],
                  [
                    20.30657577600016,
                    42.31426620600007
                  ],
                  [
                    20.307817459000148,
                    42.31527710000006
                  ],
                  [
                    20.311943055000086,
                    42.318645478000064
                  ],
                  [
                    20.320275307000088,
                    42.322404861000166
                  ],
                  [
                    20.32796955100008,
                    42.32461547800017
                  ],
                  [
                    20.334688823000022,
                    42.324910482000064
                  ],
                  [
                    20.34357738500006,
                    42.32130241500005
                  ],
                  [
                    20.349880218000123,
                    42.31362152100013
                  ],
                  [
                    20.352964401000122,
                    42.30830192600007
                  ],
                  [
                    20.353115082000045,
                    42.308040619
                  ],
                  [
                    20.361797334000073,
                    42.30472183300003
                  ],
                  [
                    20.362084707000122,
                    42.30466079700017
                  ],
                  [
                    20.36767005900009,
                    42.303424835000044
                  ],
                  [
                    20.372234344000162,
                    42.30240504000011
                  ],
                  [
                    20.382213592000028,
                    42.299921036000114
                  ],
                  [
                    20.388605118000044,
                    42.29708480800008
                  ],
                  [
                    20.39287185699999,
                    42.29157257200018
                  ],
                  [
                    20.39919662400007,
                    42.28618621800018
                  ],
                  [
                    20.40043163300004,
                    42.285467148
                  ],
                  [
                    20.406990051000037,
                    42.28163909900013
                  ],
                  [
                    20.412641526000186,
                    42.2819824230001
                  ],
                  [
                    20.42594337500003,
                    42.27892685000012
                  ],
                  [
                    20.442790984000055,
                    42.27199363800008
                  ],
                  [
                    20.45871925300014,
                    42.264335633000144
                  ],
                  [
                    20.469249726000044,
                    42.25670242300009
                  ],
                  [
                    20.469633103000092,
                    42.256425858
                  ],
                  [
                    20.476800918000094,
                    42.25076675500014
                  ],
                  [
                    20.48083305400013,
                    42.24755478000003
                  ],
                  [
                    20.487049103000118,
                    42.242286683000145
                  ],
                  [
                    20.492303849000052,
                    42.23784256000005
                  ],
                  [
                    20.49978828500008,
                    42.23038864200004
                  ],
                  [
                    20.506895065000094,
                    42.22330856299999
                  ],
                  [
                    20.512590408000165,
                    42.21753311300017
                  ],
                  [
                    20.517995835000022,
                    42.21203613300008
                  ],
                  [
                    20.524585089000084,
                    42.20149485200017
                  ],
                  [
                    20.528960705000088,
                    42.188617707000105
                  ],
                  [
                    20.531835555999976,
                    42.17668533400018
                  ],
                  [
                    20.535615921000044,
                    42.16613769500009
                  ],
                  [
                    20.540668106,
                    42.15788040200016
                  ],
                  [
                    20.5463218700001,
                    42.152381897000055
                  ],
                  [
                    20.549531936000108,
                    42.148277283000084
                  ],
                  [
                    20.558110237000164,
                    42.13709259100011
                  ],
                  [
                    20.558231354000156,
                    42.13675308300009
                  ],
                  [
                    20.56067657500006,
                    42.12999725300017
                  ],
                  [
                    20.560832024000035,
                    42.129571915000156
                  ],
                  [
                    20.560987473000182,
                    42.12914657600004
                  ],
                  [
                    20.561990737000087,
                    42.12295913600019
                  ],
                  [
                    20.562267303000056,
                    42.12125015300012
                  ],
                  [
                    20.562656403000062,
                    42.11885833700006
                  ],
                  [
                    20.562252044000104,
                    42.11745834300007
                  ],
                  [
                    20.560052871000153,
                    42.109848022
                  ],
                  [
                    20.55945968599997,
                    42.10135650600017
                  ],
                  [
                    20.561765671000103,
                    42.094558715000176
                  ],
                  [
                    20.560908318000145,
                    42.08472824100005
                  ],
                  [
                    20.55801773100012,
                    42.079813004000016
                  ],
                  [
                    20.559165899000106,
                    42.0739582490001
                  ],
                  [
                    20.559123993000185,
                    42.07209777800011
                  ],
                  [
                    20.55970954900016,
                    42.071186066000166
                  ],
                  [
                    20.56029510500008,
                    42.070274353000116
                  ],
                  [
                    20.564130783000053,
                    42.06430435300018
                  ],
                  [
                    20.56445598600004,
                    42.063993455
                  ],
                  [
                    20.569356918000153,
                    42.05923080500014
                  ],
                  [
                    20.58393478300013,
                    42.0489273070001
                  ],
                  [
                    20.589529038000137,
                    42.04501724400012
                  ],
                  [
                    20.593217849000098,
                    42.039638520000096
                  ],
                  [
                    20.593233109000096,
                    42.03942871200013
                  ],
                  [
                    20.593933106000065,
                    42.02873230100016
                  ],
                  [
                    20.594749451000155,
                    42.02681923000006
                  ],
                  [
                    20.597506714000133,
                    42.01852645900004
                  ],
                  [
                    20.602426529000127,
                    42.012687684000184
                  ],
                  [
                    20.604789733000132,
                    42.008262634000175
                  ],
                  [
                    20.605100631000084,
                    42.00769805900006
                  ],
                  [
                    20.607635498000093,
                    42.002986909000185
                  ],
                  [
                    20.61066246000007,
                    41.99430847300016
                  ],
                  [
                    20.61339759800012,
                    41.98832321200007
                  ],
                  [
                    20.615440369000112,
                    41.98382949900014
                  ],
                  [
                    20.61868667600004,
                    41.977859497
                  ],
                  [
                    20.620132447000174,
                    41.9764060980001
                  ],
                  [
                    20.62755584700011,
                    41.96759414600018
                  ],
                  [
                    20.628148080000187,
                    41.95914077800012
                  ],
                  [
                    20.627883912000186,
                    41.95832824700011
                  ],
                  [
                    20.625707626000064,
                    41.95171737700008
                  ],
                  [
                    20.625338555000155,
                    41.95037841800007
                  ],
                  [
                    20.623319626000182,
                    41.94421386800013
                  ],
                  [
                    20.622764587000177,
                    41.943340302000195
                  ],
                  [
                    20.617301941000107,
                    41.934684754000045
                  ],
                  [
                    20.61012458800019,
                    41.92964935300006
                  ],
                  [
                    20.599117279000097,
                    41.92670822200017
                  ],
                  [
                    20.59737968400009,
                    41.925884248000045
                  ],
                  [
                    20.595642089000137,
                    41.925060273000156
                  ],
                  [
                    20.590799332000074,
                    41.92276001000016
                  ],
                  [
                    20.587055207,
                    41.918731689000026
                  ],
                  [
                    20.58571052600007,
                    41.91728210499997
                  ],
                  [
                    20.584365845000093,
                    41.91583252000004
                  ],
                  [
                    20.583687511000107,
                    41.91394543800004
                  ],
                  [
                    20.582170486000052,
                    41.911443329000065
                  ],
                  [
                    20.582862855000087,
                    41.90613174600014
                  ],
                  [
                    20.58460617200018,
                    41.90206909300014
                  ],
                  [
                    20.58495712300015,
                    41.901248932000044
                  ],
                  [
                    20.586198807000017,
                    41.89907455500003
                  ],
                  [
                    20.58775138900006,
                    41.89636993400012
                  ],
                  [
                    20.59007453800018,
                    41.892322541
                  ],
                  [
                    20.59294223800015,
                    41.88304328900017
                  ],
                  [
                    20.59236335800017,
                    41.881641388000105
                  ],
                  [
                    20.59109687800003,
                    41.87853622500012
                  ],
                  [
                    20.586748122000074,
                    41.87597274800004
                  ],
                  [
                    20.57814407300009,
                    41.87347221400006
                  ],
                  [
                    20.57676887500014,
                    41.873077392000084
                  ],
                  [
                    20.572557450000147,
                    41.87152099600007
                  ],
                  [
                    20.566881179000063,
                    41.86942291300011
                  ],
                  [
                    20.56373405400018,
                    41.865383149000024
                  ],
                  [
                    20.56362533600003,
                    41.863536835
                  ],
                  [
                    20.563622249000048,
                    41.8634812680001
                  ],
                  [
                    20.563371496000173,
                    41.859278038000184
                  ],
                  [
                    20.56333923300008,
                    41.85874176000004
                  ],
                  [
                    20.56330013300004,
                    41.85808181800013
                  ],
                  [
                    20.563261032000128,
                    41.857421876000046
                  ],
                  [
                    20.562847137000063,
                    41.85033416800019
                  ],
                  [
                    20.562843322000163,
                    41.84943580700019
                  ],
                  [
                    20.56261015000007,
                    41.8397073750001
                  ],
                  [
                    20.56227111800007,
                    41.83224487300015
                  ],
                  [
                    20.561578750000024,
                    41.82487106299999
                  ],
                  [
                    20.56478691100017,
                    41.814662934000125
                  ],
                  [
                    20.568092346000185,
                    41.807937622000054
                  ],
                  [
                    20.570135116000074,
                    41.80344009400005
                  ],
                  [
                    20.571286202000124,
                    41.802356721000194
                  ],
                  [
                    20.57410240200005,
                    41.79560089100005
                  ],
                  [
                    20.57129287700002,
                    41.78680610700019
                  ],
                  [
                    20.569585800000084,
                    41.786544800000115
                  ],
                  [
                    20.56491088900009,
                    41.785827636000135
                  ],
                  [
                    20.55227088900017,
                    41.78392028900015
                  ],
                  [
                    20.550161363000086,
                    41.78313827500011
                  ],
                  [
                    20.549280975000045,
                    41.78281194000016
                  ],
                  [
                    20.547351836000075,
                    41.78209686300005
                  ],
                  [
                    20.542392731000177,
                    41.780265808000195
                  ],
                  [
                    20.542284012000152,
                    41.780176163000135
                  ],
                  [
                    20.542175293000128,
                    41.78008651700003
                  ],
                  [
                    20.535806655000044,
                    41.77487182700003
                  ],
                  [
                    20.535653114000013,
                    41.77404213
                  ],
                  [
                    20.53447818800015,
                    41.767812729000184
                  ],
                  [
                    20.52984682700003,
                    41.758963268000116
                  ],
                  [
                    20.52348518300016,
                    41.751831055000025
                  ],
                  [
                    20.519403457000124,
                    41.74235916200013
                  ],
                  [
                    20.518957138000076,
                    41.73663330100004
                  ],
                  [
                    20.518571853000083,
                    41.731536865000066
                  ],
                  [
                    20.51876258800013,
                    41.730512619000194
                  ],
                  [
                    20.518177033000086,
                    41.724546432000125
                  ],
                  [
                    20.52105140600014,
                    41.71860504100016
                  ],
                  [
                    20.523778916000083,
                    41.71260833700012
                  ],
                  [
                    20.52778434700008,
                    41.70438766500007
                  ],
                  [
                    20.529752731000087,
                    41.695208232000084
                  ],
                  [
                    20.529752731000087,
                    41.693965912000124
                  ],
                  [
                    20.529758454000103,
                    41.68680954100017
                  ],
                  [
                    20.527004243000192,
                    41.679332733000024
                  ],
                  [
                    20.52565002400013,
                    41.67308807300009
                  ],
                  [
                    20.525224687000048,
                    41.66769409300019
                  ],
                  [
                    20.523717881000096,
                    41.66297149700006
                  ],
                  [
                    20.524899483000127,
                    41.661508561000176
                  ],
                  [
                    20.5288066870001,
                    41.65405654900019
                  ],
                  [
                    20.529920577000098,
                    41.64873504700006
                  ],
                  [
                    20.528762818000132,
                    41.644294738999974
                  ],
                  [
                    20.528694152000128,
                    41.644031524000184
                  ],
                  [
                    20.528484345000095,
                    41.64326477100002
                  ],
                  [
                    20.528763203999972,
                    41.64235723000019
                  ],
                  [
                    20.52892112700016,
                    41.636215210000046
                  ],
                  [
                    20.53410525300012,
                    41.63436718600008
                  ],
                  [
                    20.539918900000032,
                    41.628170013000044
                  ],
                  [
                    20.55241394100011,
                    41.611206056000015
                  ],
                  [
                    20.558828354000184,
                    41.592224121000015
                  ],
                  [
                    20.558669408000128,
                    41.58359400400013
                  ],
                  [
                    20.558443795000073,
                    41.58346025600008
                  ],
                  [
                    20.557266236000032,
                    41.5827636730001
                  ],
                  [
                    20.55387115400015,
                    41.58074951100008
                  ],
                  [
                    20.547630309000112,
                    41.57704925500019
                  ],
                  [
                    20.53268909400009,
                    41.56875991800007
                  ],
                  [
                    20.51988792400016,
                    41.565715789000194
                  ],
                  [
                    20.503181457000153,
                    41.56149673400006
                  ],
                  [
                    20.48975372200016,
                    41.5566635130001
                  ],
                  [
                    20.47571182200005,
                    41.557441711000195
                  ],
                  [
                    20.472845077000102,
                    41.55382156400003
                  ],
                  [
                    20.471469999000192,
                    41.55209181400011
                  ],
                  [
                    20.471040725000023,
                    41.55155181800018
                  ],
                  [
                    20.47039795,
                    41.54997253400006
                  ],
                  [
                    20.46794128500005,
                    41.543773651000095
                  ],
                  [
                    20.46348190300006,
                    41.53251266600017
                  ],
                  [
                    20.459743501000162,
                    41.52876663300009
                  ],
                  [
                    20.45623207000017,
                    41.52525520500018
                  ],
                  [
                    20.4557666770001,
                    41.52479171900018
                  ],
                  [
                    20.45899581900011,
                    41.51954269500004
                  ],
                  [
                    20.45991706900014,
                    41.51804351800007
                  ],
                  [
                    20.461034774000154,
                    41.516227722999986
                  ],
                  [
                    20.46468544000004,
                    41.51486968900008
                  ],
                  [
                    20.472229003999985,
                    41.51206207300015
                  ],
                  [
                    20.473022461000028,
                    41.505046844000105
                  ],
                  [
                    20.47304534900013,
                    41.50485229500009
                  ],
                  [
                    20.473188401000073,
                    41.504734039000084
                  ],
                  [
                    20.474078544000122,
                    41.5040066410001
                  ],
                  [
                    20.47558784600011,
                    41.502773285000046
                  ],
                  [
                    20.481321335000132,
                    41.498088838000115
                  ],
                  [
                    20.49553489800013,
                    41.49570846600017
                  ],
                  [
                    20.50185394199997,
                    41.496898652000084
                  ],
                  [
                    20.506465913000113,
                    41.49394226100014
                  ],
                  [
                    20.50709152200011,
                    41.48831176700003
                  ],
                  [
                    20.49999427700004,
                    41.48469162000009
                  ],
                  [
                    20.50057601900005,
                    41.48346901000019
                  ],
                  [
                    20.50115776100006,
                    41.482246400000065
                  ],
                  [
                    20.505603790000123,
                    41.47292709400011
                  ],
                  [
                    20.510778427000048,
                    41.455486299000086
                  ],
                  [
                    20.51548957800003,
                    41.44205474900002
                  ],
                  [
                    20.52455329800017,
                    41.43776702900004
                  ],
                  [
                    20.530136109000182,
                    41.435680391
                  ],
                  [
                    20.53448391000012,
                    41.43195724499998
                  ],
                  [
                    20.541691781000054,
                    41.430366516000106
                  ],
                  [
                    20.546186446999968,
                    41.42509079000001
                  ],
                  [
                    20.54887962300006,
                    41.421474457000045
                  ],
                  [
                    20.559345246000134,
                    41.41402053800016
                  ],
                  [
                    20.562346459000025,
                    41.40787887700009
                  ],
                  [
                    20.561531068000136,
                    41.40715789900014
                  ],
                  [
                    20.560683227000084,
                    41.40640455600004
                  ],
                  [
                    20.559083938000185,
                    41.40498352000009
                  ],
                  [
                    20.558456421000187,
                    41.40443038900008
                  ],
                  [
                    20.558374624000123,
                    41.40435816700011
                  ],
                  [
                    20.557315826000092,
                    41.40342330900006
                  ],
                  [
                    20.55510139400019,
                    41.39441299500004
                  ],
                  [
                    20.554164886000137,
                    41.390529633000085
                  ],
                  [
                    20.55358696100018,
                    41.38809204100005
                  ],
                  [
                    20.553583817000117,
                    41.38807861000009
                  ],
                  [
                    20.552171707000127,
                    41.38214874200008
                  ],
                  [
                    20.54957580500013,
                    41.376258851000046
                  ],
                  [
                    20.54704093900017,
                    41.37055206400015
                  ],
                  [
                    20.543052672000158,
                    41.36789703400018
                  ],
                  [
                    20.540017094000177,
                    41.35945620899997
                  ],
                  [
                    20.540006438000148,
                    41.35942695600016
                  ],
                  [
                    20.537972128000035,
                    41.35761811800006
                  ],
                  [
                    20.53182411100005,
                    41.35351944100012
                  ],
                  [
                    20.531579952000186,
                    41.351934402000154
                  ],
                  [
                    20.525538445000052,
                    41.341806412000096
                  ],
                  [
                    20.520574569000075,
                    41.33913421700004
                  ],
                  [
                    20.513034821000076,
                    41.33950042700013
                  ],
                  [
                    20.507178306000185,
                    41.342119218
                  ],
                  [
                    20.50574302600006,
                    41.34339523400007
                  ],
                  [
                    20.502668380000046,
                    41.34613037200006
                  ],
                  [
                    20.50107288300012,
                    41.34603691200016
                  ],
                  [
                    20.499477386000024,
                    41.34594345100015
                  ],
                  [
                    20.49498367200016,
                    41.33935928500017
                  ],
                  [
                    20.49493312800007,
                    41.33928489800019
                  ],
                  [
                    20.49488258300005,
                    41.33921051000004
                  ],
                  [
                    20.495019914000125,
                    41.33100509600007
                  ],
                  [
                    20.49504566300004,
                    41.32946968100009
                  ],
                  [
                    20.495071411000026,
                    41.32793426500007
                  ],
                  [
                    20.499956130000157,
                    41.322582246000024
                  ],
                  [
                    20.500622749000172,
                    41.31482887300018
                  ],
                  [
                    20.504428864000033,
                    41.30834198000019
                  ],
                  [
                    20.504930496000156,
                    41.306751252000026
                  ],
                  [
                    20.50796699600005,
                    41.298786164000035
                  ],
                  [
                    20.51120376500006,
                    41.29037856999997
                  ],
                  [
                    20.513272441000026,
                    41.2848395530001
                  ],
                  [
                    20.515235901000096,
                    41.276860555000155
                  ],
                  [
                    20.5150566100001,
                    41.276111603
                  ],
                  [
                    20.51288414100003,
                    41.26694488600015
                  ],
                  [
                    20.51268386900017,
                    41.26608276400003
                  ],
                  [
                    20.512784959000157,
                    41.26574325500013
                  ],
                  [
                    20.51588249200006,
                    41.25659561200007
                  ],
                  [
                    20.52041816700006,
                    41.25255584700005
                  ],
                  [
                    20.52111721099999,
                    41.25193214400019
                  ],
                  [
                    20.51884007500007,
                    41.24397564000003
                  ],
                  [
                    20.52204831500012,
                    41.238484701000175
                  ],
                  [
                    20.52403322800012,
                    41.22974268600012
                  ],
                  [
                    20.524406433000024,
                    41.22808075000006
                  ],
                  [
                    20.529804229000035,
                    41.21791839700006
                  ],
                  [
                    20.536365509000063,
                    41.20701980600012
                  ],
                  [
                    20.538690568000163,
                    41.200908661000085
                  ],
                  [
                    20.539361954000128,
                    41.199142457000164
                  ],
                  [
                    20.543085099000052,
                    41.19452285800014
                  ],
                  [
                    20.54980850100003,
                    41.19171142600004
                  ],
                  [
                    20.55432891800018,
                    41.191967011000145
                  ],
                  [
                    20.55631351500017,
                    41.19208526700015
                  ],
                  [
                    20.561328889000038,
                    41.18680572500011
                  ],
                  [
                    20.56501960700001,
                    41.17970657400008
                  ],
                  [
                    20.572528839000142,
                    41.16966247500011
                  ],
                  [
                    20.57995605400015,
                    41.16043472300004
                  ],
                  [
                    20.588697434000096,
                    41.148857118000194
                  ],
                  [
                    20.59682083200005,
                    41.13320922899999
                  ],
                  [
                    20.597955704000185,
                    41.12641716000019
                  ],
                  [
                    20.59732627800014,
                    41.12596893300014
                  ],
                  [
                    20.59364891100006,
                    41.12335205000005
                  ],
                  [
                    20.592189789000145,
                    41.12205314600004
                  ],
                  [
                    20.590730667000173,
                    41.1207542410001
                  ],
                  [
                    20.588083267000172,
                    41.11576461700008
                  ],
                  [
                    20.588210106000076,
                    41.11456108099998
                  ],
                  [
                    20.588336944000105,
                    41.113357544000166
                  ],
                  [
                    20.589141847000178,
                    41.10614776700004
                  ],
                  [
                    20.596691131000057,
                    41.095714569999984
                  ],
                  [
                    20.598230363000084,
                    41.09408950900013
                  ],
                  [
                    20.598718507000115,
                    41.09357357200014
                  ],
                  [
                    20.599536896000075,
                    41.09270858700006
                  ],
                  [
                    20.600303650000114,
                    41.091896057000156
                  ],
                  [
                    20.600584031000096,
                    41.09182357800012
                  ],
                  [
                    20.60679626400014,
                    41.09032440300018
                  ],
                  [
                    20.612348557000075,
                    41.08898544300001
                  ],
                  [
                    20.633819580000136,
                    41.08534622200011
                  ],
                  [
                    20.63436381000008,
                    41.08525339800008
                  ],
                  [
                    20.640584945000114,
                    41.084190368000066
                  ],
                  [
                    20.648458481000148,
                    41.083148956
                  ],
                  [
                    20.66166877800009,
                    41.08140182500017
                  ],
                  [
                    20.669870377000052,
                    41.079463959000066
                  ],
                  [
                    20.67366409300007,
                    41.074043275000065
                  ],
                  [
                    20.678241730000025,
                    41.06625366200012
                  ],
                  [
                    20.685144425000146,
                    41.051734924000186
                  ],
                  [
                    20.69273185600008,
                    41.03081893900003
                  ],
                  [
                    20.698884964000058,
                    41.01544570900006
                  ],
                  [
                    20.70075988700006,
                    41.01073074300001
                  ],
                  [
                    20.70724678100015,
                    40.99014663800017
                  ],
                  [
                    20.71671676700015,
                    40.966518401000144
                  ],
                  [
                    20.72408294700017,
                    40.947608948000095
                  ],
                  [
                    20.730066300000033,
                    40.93142700200019
                  ],
                  [
                    20.73422432000018,
                    40.92239761400003
                  ],
                  [
                    20.737983704000044,
                    40.91213989300013
                  ],
                  [
                    20.7392661720001,
                    40.910739461000105
                  ],
                  [
                    20.739351904000046,
                    40.9106458440001
                  ],
                  [
                    20.739601135000157,
                    40.91037368800011
                  ],
                  [
                    20.739740371000153,
                    40.91022110100005
                  ],
                  [
                    20.742187501000103,
                    40.90755844100016
                  ],
                  [
                    20.751691819000143,
                    40.90326690700016
                  ],
                  [
                    20.752546311000117,
                    40.90305328400018
                  ],
                  [
                    20.75823211800008,
                    40.901626588000056
                  ],
                  [
                    20.770635604000176,
                    40.89992523300009
                  ],
                  [
                    20.770793914000137,
                    40.89993477000007
                  ],
                  [
                    20.78806686400003,
                    40.900936128000126
                  ],
                  [
                    20.807474136000167,
                    40.903259277000075
                  ],
                  [
                    20.81374263800012,
                    40.903369268
                  ],
                  [
                    20.818946,
                    40.90311684000011
                  ],
                  [
                    20.828973770000175,
                    40.906185151000045
                  ],
                  [
                    20.837160111000117,
                    40.911643982000044
                  ],
                  [
                    20.84256267500018,
                    40.91548347500003
                  ],
                  [
                    20.843267440000147,
                    40.915981293000186
                  ],
                  [
                    20.847715378000146,
                    40.91955566299998
                  ],
                  [
                    20.85538292000018,
                    40.92165756200012
                  ],
                  [
                    20.861343384000065,
                    40.92332840000017
                  ],
                  [
                    20.866816521000032,
                    40.924617768000076
                  ],
                  [
                    20.87264728600013,
                    40.923954010000045
                  ],
                  [
                    20.885545731000036,
                    40.91948318500005
                  ],
                  [
                    20.887514114000055,
                    40.918693543000074
                  ],
                  [
                    20.89226913400006,
                    40.91678619300018
                  ],
                  [
                    20.895904541,
                    40.91597747800017
                  ],
                  [
                    20.897678376000158,
                    40.915584565000074
                  ],
                  [
                    20.899452210000163,
                    40.91519165100004
                  ],
                  [
                    20.903097153000033,
                    40.914791107000156
                  ],
                  [
                    20.911413193000158,
                    40.91387176400019
                  ],
                  [
                    20.912443161999988,
                    40.91422271700003
                  ],
                  [
                    20.913473130000114,
                    40.91457366999998
                  ],
                  [
                    20.918193816000098,
                    40.916187287000184
                  ],
                  [
                    20.920721054000126,
                    40.917060850999974
                  ],
                  [
                    20.922622681000178,
                    40.91774749800004
                  ],
                  [
                    20.928319931000146,
                    40.91981125000012
                  ],
                  [
                    20.933479310000052,
                    40.92076492200016
                  ],
                  [
                    20.942401886000084,
                    40.91927337700008
                  ],
                  [
                    20.94954300000012,
                    40.91801071100008
                  ],
                  [
                    20.957159996000087,
                    40.916446686000086
                  ],
                  [
                    20.963809965999985,
                    40.91162109400011
                  ],
                  [
                    20.964820861000078,
                    40.91047287000015
                  ],
                  [
                    20.967273711000132,
                    40.907707215000016
                  ],
                  [
                    20.97276687599998,
                    40.90535736000004
                  ],
                  [
                    20.979263306000178,
                    40.9021472930001
                  ],
                  [
                    20.98591486600003,
                    40.89536412600006
                  ],
                  [
                    20.986783600000138,
                    40.888587952000194
                  ],
                  [
                    20.98995208800011,
                    40.87474441600017
                  ],
                  [
                    20.991338730999985,
                    40.858062744000165
                  ],
                  [
                    20.99171447800012,
                    40.85276794500004
                  ],
                  [
                    20.99137687800004,
                    40.84633255000006
                  ],
                  [
                    20.98143577500008,
                    40.84647369400017
                  ],
                  [
                    20.975200653,
                    40.846565248000104
                  ],
                  [
                    20.975013733000026,
                    40.846565248000104
                  ],
                  [
                    20.974712977000024,
                    40.84546022300009
                  ],
                  [
                    20.97467422500017,
                    40.8453178420001
                  ],
                  [
                    20.975505829000042,
                    40.797016144000054
                  ],
                  [
                    20.97543907100004,
                    40.79001617500006
                  ],
                  [
                    20.97543398600004,
                    40.78939310800007
                  ],
                  [
                    20.975431443000105,
                    40.78908157400008
                  ],
                  [
                    20.97539329600005,
                    40.785552979000045
                  ],
                  [
                    20.97526550300006,
                    40.78490448100007
                  ],
                  [
                    20.974826812000117,
                    40.78290558000015
                  ],
                  [
                    20.971708299000056,
                    40.77995681900012
                  ],
                  [
                    20.969678879000014,
                    40.7763252260001
                  ],
                  [
                    20.96882247900004,
                    40.77479171700014
                  ],
                  [
                    20.96757316500009,
                    40.77354431100014
                  ],
                  [
                    20.966714860000025,
                    40.77299881000005
                  ],
                  [
                    20.965225220000036,
                    40.77204132100013
                  ],
                  [
                    20.958988190000184,
                    40.768054962000065
                  ],
                  [
                    20.958421706000024,
                    40.76777267500012
                  ],
                  [
                    20.957863587000134,
                    40.76749504200012
                  ],
                  [
                    20.95618247900012,
                    40.76665878300014
                  ],
                  [
                    20.950849534000042,
                    40.7640037540001
                  ],
                  [
                    20.947130202000153,
                    40.76263809200009
                  ],
                  [
                    20.947542191000025,
                    40.76219558700012
                  ],
                  [
                    20.951402665000046,
                    40.762233734000176
                  ],
                  [
                    20.95337149900007,
                    40.761854245000166
                  ],
                  [
                    20.957509041000094,
                    40.75951385500014
                  ],
                  [
                    20.959119432000023,
                    40.75828651299997
                  ],
                  [
                    20.961988448000113,
                    40.75547027700003
                  ],
                  [
                    20.963418960000183,
                    40.754665374000126
                  ],
                  [
                    20.96571922300012,
                    40.75423049900013
                  ],
                  [
                    20.96982955800013,
                    40.75411605800019
                  ],
                  [
                    20.970528393000166,
                    40.754193534000194
                  ],
                  [
                    20.97170019100014,
                    40.754091263000134
                  ],
                  [
                    20.975721359000147,
                    40.74704933100014
                  ],
                  [
                    20.975662867000096,
                    40.74409549500018
                  ],
                  [
                    20.97541046200007,
                    40.74180221600005
                  ],
                  [
                    20.975611328000184,
                    40.74149282100012
                  ],
                  [
                    20.975552695000033,
                    40.73853193000019
                  ],
                  [
                    20.975094989000183,
                    40.73480153700018
                  ],
                  [
                    20.974727630000075,
                    40.73377990800009
                  ],
                  [
                    20.97459030100015,
                    40.73017883400007
                  ],
                  [
                    20.974870682000187,
                    40.729537964000144
                  ],
                  [
                    20.97810037200003,
                    40.72663976700005
                  ],
                  [
                    20.979029656000023,
                    40.725212098000156
                  ],
                  [
                    20.97993659900004,
                    40.72380447500012
                  ],
                  [
                    20.984786987000064,
                    40.72213745200014
                  ],
                  [
                    20.988830566000047,
                    40.71985626300011
                  ],
                  [
                    20.990335464000054,
                    40.71965599100008
                  ],
                  [
                    20.995080948000123,
                    40.71774482800015
                  ],
                  [
                    20.9957313540001,
                    40.71713256800007
                  ],
                  [
                    20.996944314000075,
                    40.716392294000116
                  ],
                  [
                    21.002052307000042,
                    40.712684632000105
                  ],
                  [
                    21.002597809000065,
                    40.711761476000106
                  ],
                  [
                    21.005739211000105,
                    40.709693909
                  ],
                  [
                    21.012395858000104,
                    40.7033538820001
                  ],
                  [
                    21.015947342000175,
                    40.700653076000094
                  ],
                  [
                    21.019420624000134,
                    40.6964416510001
                  ],
                  [
                    21.02014160200008,
                    40.695884705000026
                  ],
                  [
                    21.023004532000186,
                    40.69187164400006
                  ],
                  [
                    21.027429580000046,
                    40.686759949000134
                  ],
                  [
                    21.02775001500015,
                    40.6863962810001
                  ],
                  [
                    21.030292511000027,
                    40.68252182100014
                  ],
                  [
                    21.032521248000137,
                    40.67883682300004
                  ],
                  [
                    21.032676696000067,
                    40.67857742300009
                  ],
                  [
                    21.035560608000083,
                    40.673809052000024
                  ],
                  [
                    21.03684139300009,
                    40.67249488900006
                  ],
                  [
                    21.046571732000075,
                    40.66210556100003
                  ],
                  [
                    21.049087524000015,
                    40.65862147100006
                  ],
                  [
                    21.047573089000025,
                    40.64775848400018
                  ],
                  [
                    21.047058105000076,
                    40.64215469400017
                  ],
                  [
                    21.044611885000165,
                    40.62861666100008
                  ],
                  [
                    21.044490814000028,
                    40.62821960399998
                  ],
                  [
                    21.044069290000152,
                    40.62684249900019
                  ],
                  [
                    21.04433059700017,
                    40.625736237000126
                  ],
                  [
                    21.044591904000015,
                    40.62462997500012
                  ],
                  [
                    21.045252596000182,
                    40.62345995700008
                  ],
                  [
                    21.04764747700017,
                    40.617694855000025
                  ],
                  [
                    21.04829406700003,
                    40.61322402900015
                  ],
                  [
                    21.04832172400006,
                    40.60831070000012
                  ],
                  [
                    21.043726922000076,
                    40.6078834540001
                  ],
                  [
                    21.04273605400016,
                    40.60782241800007
                  ],
                  [
                    21.040134413999965,
                    40.60647908800013
                  ],
                  [
                    21.03962417200006,
                    40.60627962700005
                  ],
                  [
                    21.03938675000012,
                    40.60623550400004
                  ],
                  [
                    21.037817001000178,
                    40.60594177200005
                  ],
                  [
                    21.037227631000064,
                    40.60496520900017
                  ],
                  [
                    21.03859138500013,
                    40.601112366000166
                  ],
                  [
                    21.038751603000037,
                    40.60066032500015
                  ],
                  [
                    21.038876319000053,
                    40.59982829400013
                  ],
                  [
                    21.03870582600007,
                    40.59800338800011
                  ],
                  [
                    21.038534164999987,
                    40.59617233200015
                  ],
                  [
                    21.03887176600017,
                    40.595920563
                  ],
                  [
                    21.0394552140001,
                    40.595483934000015
                  ],
                  [
                    21.038937569000154,
                    40.58991241500007
                  ],
                  [
                    21.03859138500013,
                    40.58906555200008
                  ],
                  [
                    21.03788375900018,
                    40.585720062000064
                  ],
                  [
                    21.033563615000162,
                    40.584384917000136
                  ],
                  [
                    21.03288459800018,
                    40.58383178600013
                  ],
                  [
                    21.032205581000028,
                    40.583278656
                  ],
                  [
                    21.035746919000132,
                    40.57569370700014
                  ],
                  [
                    21.038502282000138,
                    40.56785972800003
                  ],
                  [
                    21.038238526000157,
                    40.56719589199997
                  ],
                  [
                    21.03824043400016,
                    40.565616608000084
                  ],
                  [
                    21.038727692000123,
                    40.564482007000095
                  ],
                  [
                    21.03883489000009,
                    40.562413533000154
                  ],
                  [
                    21.03699309200016,
                    40.559366544000056
                  ],
                  [
                    21.035137176000035,
                    40.557453155000076
                  ],
                  [
                    21.035059445000115,
                    40.55616760400005
                  ],
                  [
                    21.035037994,
                    40.55581283600014
                  ],
                  [
                    21.034978866000074,
                    40.55501174900007
                  ],
                  [
                    21.034809113000165,
                    40.55367660600018
                  ],
                  [
                    21.03474044700016,
                    40.553539277000084
                  ],
                  [
                    21.03466033900014,
                    40.55353164700017
                  ],
                  [
                    21.034395219000032,
                    40.55342483600009
                  ],
                  [
                    21.03418922400016,
                    40.55326461900006
                  ],
                  [
                    21.033992767000143,
                    40.553089143000136
                  ],
                  [
                    21.033805846,
                    40.552913665000176
                  ],
                  [
                    21.033603669000115,
                    40.552757263000046
                  ],
                  [
                    21.033363343000076,
                    40.552631379000104
                  ],
                  [
                    21.03309059200018,
                    40.5525360100001
                  ],
                  [
                    21.032810212000072,
                    40.55246353100006
                  ],
                  [
                    21.03252220100012,
                    40.552413941000054
                  ],
                  [
                    21.032238007000046,
                    40.55235290600007
                  ],
                  [
                    21.031957627000168,
                    40.552272797000114
                  ],
                  [
                    21.031681060999972,
                    40.55219268900004
                  ],
                  [
                    21.03139877300009,
                    40.55213165300012
                  ],
                  [
                    21.03111076500005,
                    40.552097322000066
                  ],
                  [
                    21.030817031000083,
                    40.55208969100005
                  ],
                  [
                    21.030519485000184,
                    40.5521011350001
                  ],
                  [
                    21.030221938000125,
                    40.552108765000185
                  ],
                  [
                    21.029926299000124,
                    40.552112580000085
                  ],
                  [
                    21.029628753000168,
                    40.552112580000085
                  ],
                  [
                    21.029333114000167,
                    40.552112580000085
                  ],
                  [
                    21.029056549000074,
                    40.55218124300018
                  ],
                  [
                    21.028789521000192,
                    40.552272797000114
                  ],
                  [
                    21.02849388200019,
                    40.55229187100008
                  ],
                  [
                    21.028420279000045,
                    40.55228997199998
                  ],
                  [
                    21.027916915000105,
                    40.55227698100009
                  ],
                  [
                    21.025037604000033,
                    40.55306894000017
                  ],
                  [
                    21.024908066000137,
                    40.55323410000011
                  ],
                  [
                    21.024726868000073,
                    40.55340957600009
                  ],
                  [
                    21.024526595999987,
                    40.55358505400005
                  ],
                  [
                    21.024318694000044,
                    40.55374145600018
                  ],
                  [
                    21.02409553600006,
                    40.55390548700018
                  ],
                  [
                    21.023839951000127,
                    40.55397415200008
                  ],
                  [
                    21.023551941000107,
                    40.55390930200002
                  ],
                  [
                    21.02326202400019,
                    40.553840638000054
                  ],
                  [
                    21.022972106000168,
                    40.55376815800008
                  ],
                  [
                    21.022695541000132,
                    40.55376434300007
                  ],
                  [
                    21.02243804900013,
                    40.553901674000144
                  ],
                  [
                    21.022169113000075,
                    40.55396652200017
                  ],
                  [
                    21.021881103000055,
                    40.553939820000096
                  ],
                  [
                    21.021589279000068,
                    40.55387878500011
                  ],
                  [
                    21.021305085000165,
                    40.553798676000156
                  ],
                  [
                    21.021049499000185,
                    40.55368423400006
                  ],
                  [
                    21.020786286000146,
                    40.55358886700009
                  ],
                  [
                    21.020496368000124,
                    40.55356216500019
                  ],
                  [
                    21.02019691600003,
                    40.5535545350001
                  ],
                  [
                    21.019903182000064,
                    40.55356597800005
                  ],
                  [
                    21.019607543000063,
                    40.55358505400005
                  ],
                  [
                    21.019309997000107,
                    40.553604127000085
                  ],
                  [
                    21.01901626600005,
                    40.55359649700017
                  ],
                  [
                    21.018739700000083,
                    40.55351638800005
                  ],
                  [
                    21.018478393000066,
                    40.55340957600009
                  ],
                  [
                    21.018251420000183,
                    40.55326843200015
                  ],
                  [
                    21.018110635000028,
                    40.55315682000014
                  ],
                  [
                    21.017430532000162,
                    40.55310966900004
                  ],
                  [
                    21.016776436000043,
                    40.552856574000145
                  ],
                  [
                    21.016651154000158,
                    40.552867890000016
                  ],
                  [
                    21.016357421000066,
                    40.5528602600001
                  ],
                  [
                    21.01606369000018,
                    40.55284500200008
                  ],
                  [
                    21.015769958000078,
                    40.552818298000034
                  ],
                  [
                    21.015476227000022,
                    40.552791597
                  ],
                  [
                    21.015180588000135,
                    40.55277633600008
                  ],
                  [
                    21.014884949000077,
                    40.55278778100006
                  ],
                  [
                    21.014596939000057,
                    40.55283355600005
                  ],
                  [
                    21.01430511500007,
                    40.5528602600001
                  ],
                  [
                    21.01402091900019,
                    40.5528106700001
                  ],
                  [
                    21.01383781500016,
                    40.55263519200014
                  ],
                  [
                    21.013622283000075,
                    40.552474977000145
                  ],
                  [
                    21.013372420999985,
                    40.55236053400017
                  ],
                  [
                    21.013078690000157,
                    40.55234527600015
                  ],
                  [
                    21.01277923600003,
                    40.55233764600001
                  ],
                  [
                    21.012481689000026,
                    40.55231857200005
                  ],
                  [
                    21.012208939,
                    40.55223083500016
                  ],
                  [
                    21.011953354000127,
                    40.552108765000185
                  ],
                  [
                    21.01177787900008,
                    40.551940919000174
                  ],
                  [
                    21.011707306000176,
                    40.55164337300005
                  ],
                  [
                    21.01171875100016,
                    40.551418305000084
                  ],
                  [
                    21.011724471000093,
                    40.55119323700012
                  ],
                  [
                    21.01172828700004,
                    40.55095672599998
                  ],
                  [
                    21.01167594000009,
                    40.550882999
                  ],
                  [
                    21.01081538200009,
                    40.5505500160001
                  ],
                  [
                    21.007673415000113,
                    40.54881968300003
                  ],
                  [
                    21.0075531010001,
                    40.54882431100003
                  ],
                  [
                    21.00725746200004,
                    40.54882431100003
                  ],
                  [
                    21.00696754400002,
                    40.54886245800009
                  ],
                  [
                    21.00668907300019,
                    40.548927308000145
                  ],
                  [
                    21.006414413000186,
                    40.54901886000005
                  ],
                  [
                    21.006147385000133,
                    40.549110412000175
                  ],
                  [
                    21.005897521000065,
                    40.54922866800018
                  ],
                  [
                    21.005668640000067,
                    40.54937744200009
                  ],
                  [
                    21.0054340370001,
                    40.54951477100013
                  ],
                  [
                    21.005159379000077,
                    40.54959106400014
                  ],
                  [
                    21.004863740000076,
                    40.549644470000146
                  ],
                  [
                    21.004579543999967,
                    40.549644470000146
                  ],
                  [
                    21.00436401400009,
                    40.54948043900015
                  ],
                  [
                    21.00430870100007,
                    40.549270629000034
                  ],
                  [
                    21.004306794000172,
                    40.549034118000066
                  ],
                  [
                    21.004301071000157,
                    40.54880905200014
                  ],
                  [
                    21.004297256000086,
                    40.54858398500005
                  ],
                  [
                    21.00428962800015,
                    40.54835891700009
                  ],
                  [
                    21.004276275000052,
                    40.5481338510001
                  ],
                  [
                    21.00425910900003,
                    40.54790878300014
                  ],
                  [
                    21.004238128000168,
                    40.547683715000176
                  ],
                  [
                    21.004199981000113,
                    40.54745864900019
                  ],
                  [
                    21.004137038000124,
                    40.54723739600013
                  ],
                  [
                    21.004041671000152,
                    40.54702758900004
                  ],
                  [
                    21.003938674000096,
                    40.546817779000094
                  ],
                  [
                    21.003906939000046,
                    40.54674542200007
                  ],
                  [
                    21.003840398000136,
                    40.54670877800004
                  ],
                  [
                    20.99816513100012,
                    40.54398345900006
                  ],
                  [
                    20.996432695000124,
                    40.539739709000116
                  ],
                  [
                    20.994918824000024,
                    40.538276672000165
                  ],
                  [
                    20.994999517000053,
                    40.538007698000115
                  ],
                  [
                    20.991571483000087,
                    40.53480822800003
                  ],
                  [
                    20.99136734000018,
                    40.534751891999974
                  ],
                  [
                    20.99128150900009,
                    40.534729005000145
                  ],
                  [
                    20.99048233100001,
                    40.53417205900007
                  ],
                  [
                    20.990219116,
                    40.53375625700011
                  ],
                  [
                    20.989593507000052,
                    40.53275680500002
                  ],
                  [
                    20.99071502700008,
                    40.53105545100016
                  ],
                  [
                    20.991052218,
                    40.531117042000176
                  ],
                  [
                    20.99112870700003,
                    40.529134903000056
                  ],
                  [
                    20.98631762900004,
                    40.52647323300005
                  ],
                  [
                    20.98628044100019,
                    40.526454925000166
                  ],
                  [
                    20.986034393000068,
                    40.52632904200016
                  ],
                  [
                    20.98578834600005,
                    40.52620697100008
                  ],
                  [
                    20.985546112000065,
                    40.52607345700005
                  ],
                  [
                    20.985301971000013,
                    40.525951386000145
                  ],
                  [
                    20.985059739000064,
                    40.525817871000186
                  ],
                  [
                    20.98481750500008,
                    40.52569580200014
                  ],
                  [
                    20.984334945000114,
                    40.525432587000125
                  ],
                  [
                    20.984094619000132,
                    40.5252990730001
                  ],
                  [
                    20.98385620100015,
                    40.52516555700004
                  ],
                  [
                    20.983623505000082,
                    40.52503204400011
                  ],
                  [
                    20.98353478600012,
                    40.52497289799999
                  ],
                  [
                    20.980658602000176,
                    40.52347166700008
                  ],
                  [
                    20.980463029000077,
                    40.52339172400008
                  ],
                  [
                    20.98020935000011,
                    40.52327728400007
                  ],
                  [
                    20.97996521000016,
                    40.523155213000166
                  ],
                  [
                    20.97972869900002,
                    40.523014069000055
                  ],
                  [
                    20.97949218800011,
                    40.52288055499997
                  ],
                  [
                    20.979249955000057,
                    40.52275848400012
                  ],
                  [
                    20.979003906,
                    40.522632599000076
                  ],
                  [
                    20.978759766000053,
                    40.52250290000012
                  ],
                  [
                    20.97851944000007,
                    40.52236938600009
                  ],
                  [
                    20.97828292900016,
                    40.52223587000003
                  ],
                  [
                    20.97804832600019,
                    40.522106171000075
                  ],
                  [
                    20.97781181200014,
                    40.52196502700008
                  ],
                  [
                    20.977571487999967,
                    40.52183914200009
                  ],
                  [
                    20.97732734700014,
                    40.52170944300008
                  ],
                  [
                    20.977085113000157,
                    40.521583557000156
                  ],
                  [
                    20.976844787000175,
                    40.52145385799997
                  ],
                  [
                    20.976613999000108,
                    40.52131271400003
                  ],
                  [
                    20.976388931000088,
                    40.52116012700009
                  ],
                  [
                    20.97617912300018,
                    40.521003722000046
                  ],
                  [
                    20.975990294999974,
                    40.52083587700008
                  ],
                  [
                    20.975820541000132,
                    40.52064895600017
                  ],
                  [
                    20.975509644000113,
                    40.52026367200011
                  ],
                  [
                    20.975362778000033,
                    40.520061493000185
                  ],
                  [
                    20.97527908900014,
                    40.51991841300003
                  ],
                  [
                    20.96966246400018,
                    40.517296869
                  ],
                  [
                    20.96950531000016,
                    40.517387390000124
                  ],
                  [
                    20.96928215000014,
                    40.517532349000135
                  ],
                  [
                    20.969053269000142,
                    40.51767349300013
                  ],
                  [
                    20.968820571000094,
                    40.51781082200017
                  ],
                  [
                    20.968557358000055,
                    40.517921448000095
                  ],
                  [
                    20.96827316300005,
                    40.51796722500006
                  ],
                  [
                    20.967971801000033,
                    40.517940521000185
                  ],
                  [
                    20.967708589000097,
                    40.51785278400013
                  ],
                  [
                    20.967489243000045,
                    40.517704010000045
                  ],
                  [
                    20.967285156000116,
                    40.51752471900005
                  ],
                  [
                    20.96708107000012,
                    40.51736831700009
                  ],
                  [
                    20.966886520000173,
                    40.517200469000045
                  ],
                  [
                    20.96670150700004,
                    40.51702499300012
                  ],
                  [
                    20.9665374760001,
                    40.51683044400005
                  ],
                  [
                    20.96638679500012,
                    40.516639710000106
                  ],
                  [
                    20.96623802199997,
                    40.51644516100009
                  ],
                  [
                    20.966087341000048,
                    40.51625061000004
                  ],
                  [
                    20.965946197999983,
                    40.5160598760001
                  ],
                  [
                    20.96581459000015,
                    40.51585769600007
                  ],
                  [
                    20.965698242000087,
                    40.515647889000036
                  ],
                  [
                    20.965600968000047,
                    40.51543807900009
                  ],
                  [
                    20.965520859000094,
                    40.51522064100004
                  ],
                  [
                    20.965457916000105,
                    40.51499176000016
                  ],
                  [
                    20.9654083260001,
                    40.51477432300004
                  ],
                  [
                    20.965377807000152,
                    40.51454925500008
                  ],
                  [
                    20.965366363999976,
                    40.51432418900009
                  ],
                  [
                    20.965371490000052,
                    40.51417294800012
                  ],
                  [
                    20.962231025,
                    40.51229155600004
                  ],
                  [
                    20.961887359000173,
                    40.51244735700004
                  ],
                  [
                    20.96031952000004,
                    40.511516570000026
                  ],
                  [
                    20.95914077700013,
                    40.50970840500008
                  ],
                  [
                    20.95906225800013,
                    40.50761876400014
                  ],
                  [
                    20.95795655300003,
                    40.50474453000015
                  ],
                  [
                    20.957792734000066,
                    40.50421594000011
                  ],
                  [
                    20.95736503600017,
                    40.50370788700013
                  ],
                  [
                    20.955715179000038,
                    40.502853394
                  ],
                  [
                    20.956487656000093,
                    40.50069427500017
                  ],
                  [
                    20.955629348000116,
                    40.499046326000155
                  ],
                  [
                    20.955919266000137,
                    40.49817085300009
                  ],
                  [
                    20.956209183000055,
                    40.49729537900015
                  ],
                  [
                    20.956752609000034,
                    40.496557162000045
                  ],
                  [
                    20.958318711000118,
                    40.49352455200017
                  ],
                  [
                    20.958555222000086,
                    40.492298127000026
                  ],
                  [
                    20.961107254000183,
                    40.4902305600001
                  ],
                  [
                    20.958078148000027,
                    40.48063659500008
                  ],
                  [
                    20.95792579600004,
                    40.480468750000114
                  ],
                  [
                    20.957731246000094,
                    40.480247497
                  ],
                  [
                    20.95752143900006,
                    40.47992706300016
                  ],
                  [
                    20.957296371000098,
                    40.47937011700009
                  ],
                  [
                    20.957255785000143,
                    40.4792535040001
                  ],
                  [
                    20.954292107000015,
                    40.47665546200005
                  ],
                  [
                    20.953939438000077,
                    40.47655487200012
                  ],
                  [
                    20.95319747900004,
                    40.47634506200018
                  ],
                  [
                    20.952348708999978,
                    40.47575759900013
                  ],
                  [
                    20.95137977600001,
                    40.47478103600008
                  ],
                  [
                    20.950635911000063,
                    40.47319030700015
                  ],
                  [
                    20.950578168000163,
                    40.47306669500006
                  ],
                  [
                    20.9466638560001,
                    40.46829033000017
                  ],
                  [
                    20.94531440700007,
                    40.467166902000145
                  ],
                  [
                    20.94472694400008,
                    40.46542739800009
                  ],
                  [
                    20.944475175000093,
                    40.46467971800007
                  ],
                  [
                    20.94456078500008,
                    40.46432465700008
                  ],
                  [
                    20.94433593800005,
                    40.46390067200008
                  ],
                  [
                    20.94001005500013,
                    40.462656134000156
                  ],
                  [
                    20.93989753799997,
                    40.46264267000009
                  ],
                  [
                    20.93949127200011,
                    40.46254348800005
                  ],
                  [
                    20.93920898400006,
                    40.46247482200005
                  ],
                  [
                    20.938953399000127,
                    40.46241378900004
                  ],
                  [
                    20.938594817000137,
                    40.4623222350001
                  ],
                  [
                    20.938415526000085,
                    40.46229934700017
                  ],
                  [
                    20.938100814000165,
                    40.46222686800013
                  ],
                  [
                    20.937829971000042,
                    40.46214675900018
                  ],
                  [
                    20.937427520000085,
                    40.46205520700005
                  ],
                  [
                    20.93699264500009,
                    40.46196365300011
                  ],
                  [
                    20.936634063000042,
                    40.46187210099998
                  ],
                  [
                    20.935750961000167,
                    40.461524963000045
                  ],
                  [
                    20.93504715100005,
                    40.46137237500005
                  ],
                  [
                    20.934537886999976,
                    40.461196900000175
                  ],
                  [
                    20.93417780600015,
                    40.461045011000124
                  ],
                  [
                    20.933977672000083,
                    40.46098981600011
                  ],
                  [
                    20.928018529000042,
                    40.46000178200006
                  ],
                  [
                    20.921992143000068,
                    40.46170934100002
                  ],
                  [
                    20.92087501000009,
                    40.46240844100015
                  ],
                  [
                    20.920707704000108,
                    40.462718963999976
                  ],
                  [
                    20.920467377000023,
                    40.463100434000125
                  ],
                  [
                    20.91975021400009,
                    40.46352386400014
                  ],
                  [
                    20.919120789000146,
                    40.463615418000074
                  ],
                  [
                    20.918834686000025,
                    40.46370697000003
                  ],
                  [
                    20.918755969000188,
                    40.46373453300009
                  ],
                  [
                    20.917108683000095,
                    40.46476540200001
                  ],
                  [
                    20.915568872000165,
                    40.466234290000045
                  ],
                  [
                    20.91548347400004,
                    40.46672439600013
                  ],
                  [
                    20.915271759000177,
                    40.46715927200006
                  ],
                  [
                    20.91518211300007,
                    40.46741104100016
                  ],
                  [
                    20.915061952000144,
                    40.467639924000025
                  ],
                  [
                    20.914854049999974,
                    40.46802139200014
                  ],
                  [
                    20.914703370000154,
                    40.46825027500017
                  ],
                  [
                    20.91446495100007,
                    40.468517303000056
                  ],
                  [
                    20.914207459000068,
                    40.46874237100019
                  ],
                  [
                    20.913850785000022,
                    40.4689140320001
                  ],
                  [
                    20.913295746000188,
                    40.46919632000004
                  ],
                  [
                    20.913055420000035,
                    40.46933364900008
                  ],
                  [
                    20.912755966000134,
                    40.469470978000174
                  ],
                  [
                    20.912441254000044,
                    40.46956253200011
                  ],
                  [
                    20.91215705800016,
                    40.4696083070001
                  ],
                  [
                    20.911931992000177,
                    40.46965408300014
                  ],
                  [
                    20.911529541000164,
                    40.4698143010001
                  ],
                  [
                    20.91125869800004,
                    40.469917298000155
                  ],
                  [
                    20.91100501900013,
                    40.4700698850001
                  ],
                  [
                    20.910749435000128,
                    40.47019195600012
                  ],
                  [
                    20.910360336000167,
                    40.47039794900007
                  ],
                  [
                    20.910001755000053,
                    40.47055053800017
                  ],
                  [
                    20.909656524000184,
                    40.470775604000096
                  ],
                  [
                    20.909208298000067,
                    40.470996857000046
                  ],
                  [
                    20.90884971600002,
                    40.47119522100013
                  ],
                  [
                    20.908460617000117,
                    40.471317291000105
                  ],
                  [
                    20.90794944800018,
                    40.471530914000084
                  ],
                  [
                    20.90750122000003,
                    40.47188568100006
                  ],
                  [
                    20.90742683400009,
                    40.47199249300019
                  ],
                  [
                    20.90721702700006,
                    40.47220230100015
                  ],
                  [
                    20.906991959000095,
                    40.47238540700016
                  ],
                  [
                    20.90675163200018,
                    40.47256851200012
                  ],
                  [
                    20.906557083000166,
                    40.472709657000166
                  ],
                  [
                    20.906408309000085,
                    40.47278595000017
                  ],
                  [
                    20.906198501000176,
                    40.4729232790001
                  ],
                  [
                    20.905778884000142,
                    40.47302246100014
                  ],
                  [
                    20.905420303000085,
                    40.47313690200008
                  ],
                  [
                    20.905088425000145,
                    40.473247529000105
                  ],
                  [
                    20.904745101000174,
                    40.47330093400018
                  ],
                  [
                    20.90452003500019,
                    40.47330093400018
                  ],
                  [
                    20.904371261000108,
                    40.47329711900011
                  ],
                  [
                    20.903995513000154,
                    40.473262787000124
                  ],
                  [
                    20.903696059000026,
                    40.47312927399997
                  ],
                  [
                    20.90288734400019,
                    40.47268295300012
                  ],
                  [
                    20.902753830000165,
                    40.47260665900018
                  ],
                  [
                    20.902379990000156,
                    40.47243499900003
                  ],
                  [
                    20.902215957000124,
                    40.472366333000025
                  ],
                  [
                    20.901964235000094,
                    40.47225353300013
                  ],
                  [
                    20.897544320000065,
                    40.47186721600019
                  ],
                  [
                    20.89723014900011,
                    40.47207260200014
                  ],
                  [
                    20.896734238000022,
                    40.47232818600014
                  ],
                  [
                    20.896211624000102,
                    40.47240448000008
                  ],
                  [
                    20.89558219900016,
                    40.47234344500009
                  ],
                  [
                    20.89487838800011,
                    40.47217178400018
                  ],
                  [
                    20.89456560200017,
                    40.47202254600006
                  ],
                  [
                    20.890282865000074,
                    40.472267747000046
                  ],
                  [
                    20.890251159000115,
                    40.47227859400016
                  ],
                  [
                    20.889862061000088,
                    40.472396852000145
                  ],
                  [
                    20.889608384000155,
                    40.4724884040001
                  ],
                  [
                    20.889293672000065,
                    40.47260665900018
                  ],
                  [
                    20.888874055000088,
                    40.47273635800019
                  ],
                  [
                    20.888500214000146,
                    40.472801209000124
                  ],
                  [
                    20.88813972500003,
                    40.47282791200013
                  ],
                  [
                    20.887706757000103,
                    40.47280502399997
                  ],
                  [
                    20.887392045000183,
                    40.47277832000009
                  ],
                  [
                    20.887046814000144,
                    40.472743988000104
                  ],
                  [
                    20.886837006000178,
                    40.47269058300003
                  ],
                  [
                    20.886478425000064,
                    40.47261810300006
                  ],
                  [
                    20.886222840000187,
                    40.47252273600009
                  ],
                  [
                    20.885728837000045,
                    40.47226715100015
                  ],
                  [
                    20.884965896999972,
                    40.47164917000009
                  ],
                  [
                    20.884626875000038,
                    40.47143111999998
                  ],
                  [
                    20.882755756000165,
                    40.47105662100017
                  ],
                  [
                    20.881700724000098,
                    40.471048123
                  ],
                  [
                    20.881671905000132,
                    40.47105789200003
                  ],
                  [
                    20.881059645999983,
                    40.47117614700011
                  ],
                  [
                    20.88072967500017,
                    40.471202851000044
                  ],
                  [
                    20.879739762000042,
                    40.47132110700005
                  ],
                  [
                    20.879350663000082,
                    40.47132110700005
                  ],
                  [
                    20.878812790999973,
                    40.47117996200018
                  ],
                  [
                    20.87852859500009,
                    40.47110748400007
                  ],
                  [
                    20.878168106000032,
                    40.471042634000185
                  ],
                  [
                    20.87807085700007,
                    40.47101888700007
                  ],
                  [
                    20.877840043000162,
                    40.47096252500006
                  ],
                  [
                    20.87751007000014,
                    40.47091674800009
                  ],
                  [
                    20.8771800990001,
                    40.47090912000016
                  ],
                  [
                    20.87691725899998,
                    40.47092441200016
                  ],
                  [
                    20.876655579000044,
                    40.470939636000026
                  ],
                  [
                    20.87626647900015,
                    40.471000672000116
                  ],
                  [
                    20.876028060000067,
                    40.470996857000046
                  ],
                  [
                    20.875743867000097,
                    40.470996857000046
                  ],
                  [
                    20.875308991000168,
                    40.47086715800003
                  ],
                  [
                    20.875009537000096,
                    40.47081375100015
                  ],
                  [
                    20.87488937400019,
                    40.470794677000185
                  ],
                  [
                    20.874469756999986,
                    40.47071838400018
                  ],
                  [
                    20.874065398000027,
                    40.47058105500008
                  ],
                  [
                    20.87369155800019,
                    40.470417022000106
                  ],
                  [
                    20.8733768460001,
                    40.470230103000176
                  ],
                  [
                    20.87306404100002,
                    40.46997070300006
                  ],
                  [
                    20.872913362000077,
                    40.469802856000115
                  ],
                  [
                    20.87280845700002,
                    40.469627380000134
                  ],
                  [
                    20.87271881000015,
                    40.46944808900014
                  ],
                  [
                    20.87267727200009,
                    40.46923507100013
                  ],
                  [
                    20.87238746200012,
                    40.469119602000035
                  ],
                  [
                    20.867816888000107,
                    40.468866424000055
                  ],
                  [
                    20.86753845200019,
                    40.46896362400014
                  ],
                  [
                    20.86707496600019,
                    40.46913909900019
                  ],
                  [
                    20.866804123000065,
                    40.46923065100009
                  ],
                  [
                    20.866415025000038,
                    40.46931076000004
                  ],
                  [
                    20.866086959000086,
                    40.469329834000064
                  ],
                  [
                    20.865816117000065,
                    40.46935653700001
                  ],
                  [
                    20.865531921000184,
                    40.469413757000154
                  ],
                  [
                    20.865494179000052,
                    40.46940740100018
                  ],
                  [
                    20.861991189000094,
                    40.47040124400007
                  ],
                  [
                    20.858650327000078,
                    40.47290588100009
                  ],
                  [
                    20.858638763000044,
                    40.47291946400003
                  ],
                  [
                    20.85844421400003,
                    40.47311401300004
                  ],
                  [
                    20.857965469000078,
                    40.473461152000084
                  ],
                  [
                    20.857484817000113,
                    40.47383499200015
                  ],
                  [
                    20.856990813000095,
                    40.47422409000018
                  ],
                  [
                    20.856571198000097,
                    40.47454834000018
                  ],
                  [
                    20.856121063000103,
                    40.474796294999976
                  ],
                  [
                    20.855821608999975,
                    40.47496795700016
                  ],
                  [
                    20.855340958000113,
                    40.47523498500004
                  ],
                  [
                    20.854608536000057,
                    40.47549438500005
                  ],
                  [
                    20.85424804700017,
                    40.475620270000036
                  ],
                  [
                    20.853723525000134,
                    40.475696564000145
                  ],
                  [
                    20.853063584000154,
                    40.47570419400006
                  ],
                  [
                    20.852405548000036,
                    40.47570419400006
                  ],
                  [
                    20.851747513000078,
                    40.475677491000056
                  ],
                  [
                    20.85126686000018,
                    40.47567367600004
                  ],
                  [
                    20.85101127600018,
                    40.475711822000164
                  ],
                  [
                    20.850997293000148,
                    40.475712333000104
                  ],
                  [
                    20.850593566000043,
                    40.475727081000116
                  ],
                  [
                    20.850069046000158,
                    40.475765228000114
                  ],
                  [
                    20.84964942900018,
                    40.47578048800017
                  ],
                  [
                    20.849229812000033,
                    40.475852966000105
                  ],
                  [
                    20.849030464000066,
                    40.475872791000086
                  ],
                  [
                    20.848884583000142,
                    40.47588729800009
                  ],
                  [
                    20.848526001000153,
                    40.47598648000013
                  ],
                  [
                    20.848196029000178,
                    40.476058961000035
                  ],
                  [
                    20.847972870000092,
                    40.47615051300011
                  ],
                  [
                    20.847640990000173,
                    40.47624969500015
                  ],
                  [
                    20.847192764000056,
                    40.476291657000104
                  ],
                  [
                    20.84672737200009,
                    40.47631454500004
                  ],
                  [
                    20.846353530000044,
                    40.47639465400016
                  ],
                  [
                    20.845798493000075,
                    40.47650528000008
                  ],
                  [
                    20.845273972000086,
                    40.47662735000006
                  ],
                  [
                    20.845035553000173,
                    40.4767265320001
                  ],
                  [
                    20.84485435500011,
                    40.47682189900007
                  ],
                  [
                    20.844659805000163,
                    40.47689819300018
                  ],
                  [
                    20.844240188000185,
                    40.47694015500008
                  ],
                  [
                    20.844152451000127,
                    40.476982117000034
                  ],
                  [
                    20.84380722000003,
                    40.476982117000034
                  ],
                  [
                    20.84352302500008,
                    40.47697448700012
                  ],
                  [
                    20.84334182800012,
                    40.47695160000006
                  ],
                  [
                    20.843072891000133,
                    40.47691726700015
                  ],
                  [
                    20.842908858000158,
                    40.47686004600013
                  ],
                  [
                    20.842683793000106,
                    40.47677993800005
                  ],
                  [
                    20.842430116000173,
                    40.47665786700003
                  ],
                  [
                    20.841936112000155,
                    40.476444244
                  ],
                  [
                    20.841426849000186,
                    40.47612380900006
                  ],
                  [
                    20.841142655000112,
                    40.475910187000125
                  ],
                  [
                    20.84094810400012,
                    40.475723268000024
                  ],
                  [
                    20.84084320100004,
                    40.47561264000012
                  ],
                  [
                    20.840662003000148,
                    40.47550201500013
                  ],
                  [
                    20.84043884300013,
                    40.47534179700017
                  ],
                  [
                    20.839885712000125,
                    40.47497558599997
                  ],
                  [
                    20.83961677600007,
                    40.47473144600002
                  ],
                  [
                    20.839391708000107,
                    40.47458267200017
                  ],
                  [
                    20.839181901000075,
                    40.47443390000012
                  ],
                  [
                    20.83897209100013,
                    40.47427368199999
                  ],
                  [
                    20.83841896000007,
                    40.47389984200015
                  ],
                  [
                    20.83804512000006,
                    40.473564149000026
                  ],
                  [
                    20.837865829000066,
                    40.47333526600016
                  ],
                  [
                    20.837551117000146,
                    40.472839355000076
                  ],
                  [
                    20.837489238000103,
                    40.47268136700018
                  ],
                  [
                    20.8362826340001,
                    40.47184600900016
                  ],
                  [
                    20.83554350000003,
                    40.471285464
                  ],
                  [
                    20.83506393300007,
                    40.47105789200003
                  ],
                  [
                    20.832054137000057,
                    40.468837738
                  ],
                  [
                    20.83161926200006,
                    40.46830940300009
                  ],
                  [
                    20.831184387000064,
                    40.467781068000136
                  ],
                  [
                    20.831044853000037,
                    40.4673530180001
                  ],
                  [
                    20.82914317799998,
                    40.464186753000035
                  ],
                  [
                    20.828268052000055,
                    40.46371460000012
                  ],
                  [
                    20.827190399000187,
                    40.4610366820001
                  ],
                  [
                    20.82480240000018,
                    40.45872879100017
                  ],
                  [
                    20.824014663000128,
                    40.45674896400004
                  ],
                  [
                    20.824697021000077,
                    40.45521568999999
                  ],
                  [
                    20.822445279000135,
                    40.44670150200005
                  ],
                  [
                    20.821243286000083,
                    40.4452056880001
                  ],
                  [
                    20.820936842000094,
                    40.44421897200016
                  ],
                  [
                    20.818924904000085,
                    40.44090779700019
                  ],
                  [
                    20.817636163000145,
                    40.43966701200014
                  ],
                  [
                    20.815368653000064,
                    40.438945770000146
                  ],
                  [
                    20.81424903800007,
                    40.43800354000018
                  ],
                  [
                    20.81408882100004,
                    40.43745040900012
                  ],
                  [
                    20.81446647600012,
                    40.436061859000176
                  ],
                  [
                    20.81455039900004,
                    40.4357528700001
                  ],
                  [
                    20.81463162900002,
                    40.43545330799998
                  ],
                  [
                    20.814678117000142,
                    40.432465493000166
                  ],
                  [
                    20.809106350000036,
                    40.43090152800016
                  ],
                  [
                    20.807654806000187,
                    40.4314858570001
                  ],
                  [
                    20.80605125400018,
                    40.43281173700018
                  ],
                  [
                    20.804632187000095,
                    40.43307495200003
                  ],
                  [
                    20.80291175900004,
                    40.43234253000003
                  ],
                  [
                    20.799721690000126,
                    40.430393975000186
                  ],
                  [
                    20.796117306000156,
                    40.42863369000008
                  ],
                  [
                    20.789611817000036,
                    40.427150182000105
                  ],
                  [
                    20.78886352900014,
                    40.42665910900007
                  ],
                  [
                    20.788436891000174,
                    40.426475525000114
                  ],
                  [
                    20.787326814000096,
                    40.4257278450001
                  ],
                  [
                    20.785160065000127,
                    40.424228668000126
                  ],
                  [
                    20.78167302999998,
                    40.421926481000185
                  ],
                  [
                    20.780700683000134,
                    40.42151260500003
                  ],
                  [
                    20.779281617000095,
                    40.42021942200006
                  ],
                  [
                    20.777963638000017,
                    40.417713165000066
                  ],
                  [
                    20.777774811000143,
                    40.41643524200009
                  ],
                  [
                    20.77822494500009,
                    40.415233613000055
                  ],
                  [
                    20.780996322000135,
                    40.41236495900006
                  ],
                  [
                    20.784643173000177,
                    40.40516471900008
                  ],
                  [
                    20.78425407500015,
                    40.40408706599999
                  ],
                  [
                    20.784273646000088,
                    40.40384815000016
                  ],
                  [
                    20.783277513000144,
                    40.40029907300004
                  ],
                  [
                    20.782098771000165,
                    40.398979187000066
                  ],
                  [
                    20.78033256600014,
                    40.394485474000135
                  ],
                  [
                    20.7799031080001,
                    40.39339403400004
                  ],
                  [
                    20.779642105999983,
                    40.392730714000095
                  ],
                  [
                    20.779584884000087,
                    40.39186859100005
                  ],
                  [
                    20.781026841000084,
                    40.388225555000076
                  ],
                  [
                    20.781360627000026,
                    40.38384628300014
                  ],
                  [
                    20.782042504,
                    40.382135392000066
                  ],
                  [
                    20.782724381000037,
                    40.38042450000006
                  ],
                  [
                    20.785017013000186,
                    40.376556396000126
                  ],
                  [
                    20.78352928100003,
                    40.37244415300012
                  ],
                  [
                    20.78324127200011,
                    40.37046623300006
                  ],
                  [
                    20.782953262000035,
                    40.368488313
                  ],
                  [
                    20.78370666400002,
                    40.36426925800009
                  ],
                  [
                    20.7826099400001,
                    40.36092376800019
                  ],
                  [
                    20.782470704000104,
                    40.359878541000114
                  ],
                  [
                    20.781569890000185,
                    40.35447556600013
                  ],
                  [
                    20.7758870130001,
                    40.35046672800007
                  ],
                  [
                    20.773540442000183,
                    40.349970085999985
                  ],
                  [
                    20.771038055000133,
                    40.35005569400016
                  ],
                  [
                    20.76898765700014,
                    40.34925460900007
                  ],
                  [
                    20.76857948300011,
                    40.34805679300007
                  ],
                  [
                    20.768600559000106,
                    40.34468812200015
                  ],
                  [
                    20.76797902600009,
                    40.34173894000003
                  ],
                  [
                    20.76776800300013,
                    40.34160354700009
                  ],
                  [
                    20.767164231000095,
                    40.34152221700009
                  ],
                  [
                    20.765354157000047,
                    40.34045028700007
                  ],
                  [
                    20.763237427999968,
                    40.338696729000105
                  ],
                  [
                    20.76213264500018,
                    40.337987900000144
                  ],
                  [
                    20.761568069000134,
                    40.33772659400006
                  ],
                  [
                    20.75753974800017,
                    40.335857391
                  ],
                  [
                    20.75486183200013,
                    40.332317353
                  ],
                  [
                    20.751035691000027,
                    40.325923921000026
                  ],
                  [
                    20.750497817999985,
                    40.32459640600007
                  ],
                  [
                    20.750518799000076,
                    40.32357788100006
                  ],
                  [
                    20.753119732000073,
                    40.32060932900015
                  ],
                  [
                    20.755516910000154,
                    40.31658382400019
                  ],
                  [
                    20.74642314,
                    40.3119568890001
                  ],
                  [
                    20.746397018000152,
                    40.31197357200011
                  ],
                  [
                    20.746261597000057,
                    40.31206893900014
                  ],
                  [
                    20.7458572380001,
                    40.31221389800015
                  ],
                  [
                    20.745544433000077,
                    40.31222152700013
                  ],
                  [
                    20.745304107000038,
                    40.31223297200012
                  ],
                  [
                    20.744842530000142,
                    40.31220245300017
                  ],
                  [
                    20.74461937000018,
                    40.31211471600011
                  ],
                  [
                    20.74433898900014,
                    40.311981202000084
                  ],
                  [
                    20.74386215200002,
                    40.311786651000034
                  ],
                  [
                    20.743625641000108,
                    40.31166458200016
                  ],
                  [
                    20.743400573000145,
                    40.31156540000012
                  ],
                  [
                    20.743297578000067,
                    40.31151962300015
                  ],
                  [
                    20.743000031,
                    40.311428069000044
                  ],
                  [
                    20.742689132000123,
                    40.31128692700008
                  ],
                  [
                    20.74251174900013,
                    40.31117248500004
                  ],
                  [
                    20.742244721000077,
                    40.31099319400005
                  ],
                  [
                    20.742036819000077,
                    40.31090545700016
                  ],
                  [
                    20.741725922000057,
                    40.31066513100012
                  ],
                  [
                    20.741533280000056,
                    40.310485840000126
                  ],
                  [
                    20.741395969000166,
                    40.31037395800013
                  ],
                  [
                    20.73917252700005,
                    40.309773400000154
                  ],
                  [
                    20.738573430000145,
                    40.3094985570001
                  ],
                  [
                    20.738529205000134,
                    40.309528350000164
                  ],
                  [
                    20.73834991400014,
                    40.309638978000066
                  ],
                  [
                    20.738153457000124,
                    40.30978012200018
                  ],
                  [
                    20.737987519000058,
                    40.30984497000003
                  ],
                  [
                    20.737674712000057,
                    40.30987548899998
                  ],
                  [
                    20.737136842000098,
                    40.30987548899998
                  ],
                  [
                    20.736867904000064,
                    40.309814453000115
                  ],
                  [
                    20.73654174899997,
                    40.30962753199998
                  ],
                  [
                    20.73624611000014,
                    40.30944442800012
                  ],
                  [
                    20.735549927000022,
                    40.30904770000018
                  ],
                  [
                    20.735313416000054,
                    40.30886077900004
                  ],
                  [
                    20.73494338900008,
                    40.30856323200004
                  ],
                  [
                    20.734676361000027,
                    40.30830383299997
                  ],
                  [
                    20.73444175800006,
                    40.30810546900011
                  ],
                  [
                    20.73427963300003,
                    40.307941436000135
                  ],
                  [
                    20.734086991000083,
                    40.30774688700012
                  ],
                  [
                    20.733835220000117,
                    40.30751419100005
                  ],
                  [
                    20.73334693900017,
                    40.30726623600003
                  ],
                  [
                    20.733034134000093,
                    40.30712127700019
                  ],
                  [
                    20.7323532100001,
                    40.306686402000025
                  ],
                  [
                    20.73213195700015,
                    40.30645751900016
                  ],
                  [
                    20.732013702000074,
                    40.30630111700003
                  ],
                  [
                    20.731866837000098,
                    40.30613327100019
                  ],
                  [
                    20.731800368000165,
                    40.30600785600018
                  ],
                  [
                    20.730732420000095,
                    40.305174709000084
                  ],
                  [
                    20.730621339000038,
                    40.3051719660001
                  ],
                  [
                    20.726114273000178,
                    40.30205917300003
                  ],
                  [
                    20.72545528500018,
                    40.30105781600008
                  ],
                  [
                    20.72479629600008,
                    40.300056459000075
                  ],
                  [
                    20.724489212000094,
                    40.295986175999985
                  ],
                  [
                    20.722042084000122,
                    40.28954060900003
                  ],
                  [
                    20.71636085299997,
                    40.285622183000044
                  ],
                  [
                    20.71520970800003,
                    40.284539989
                  ],
                  [
                    20.714948655000057,
                    40.284446717000094
                  ],
                  [
                    20.713958741,
                    40.28374862700008
                  ],
                  [
                    20.711389543000053,
                    40.28094863900003
                  ],
                  [
                    20.707582474000105,
                    40.27864456300017
                  ],
                  [
                    20.705883027000084,
                    40.277057648000095
                  ],
                  [
                    20.70502472000004,
                    40.2757225040001
                  ],
                  [
                    20.70383799600006,
                    40.27200742700012
                  ],
                  [
                    20.70241928000013,
                    40.2688751230001
                  ],
                  [
                    20.70145034700016,
                    40.2671508790001
                  ],
                  [
                    20.700107574000185,
                    40.26014709600014
                  ],
                  [
                    20.700613022000084,
                    40.25852584900019
                  ],
                  [
                    20.70111846900005,
                    40.25690460200008
                  ],
                  [
                    20.703762055000084,
                    40.25353622400007
                  ],
                  [
                    20.70451259700002,
                    40.25257873600009
                  ],
                  [
                    20.705263138000078,
                    40.25162124700017
                  ],
                  [
                    20.710231070000077,
                    40.249098139000125
                  ],
                  [
                    20.712641398000187,
                    40.24763107300009
                  ],
                  [
                    20.713202838000086,
                    40.242662684000095
                  ],
                  [
                    20.713142395000148,
                    40.24180984500015
                  ],
                  [
                    20.713386458000173,
                    40.24103776200013
                  ],
                  [
                    20.71351194400006,
                    40.23992729200012
                  ],
                  [
                    20.71388563300019,
                    40.23814033500014
                  ],
                  [
                    20.713827132000063,
                    40.236789704000046
                  ],
                  [
                    20.714799880000044,
                    40.23376846300005
                  ],
                  [
                    20.712272644000052,
                    40.230579376000094
                  ],
                  [
                    20.712593079000158,
                    40.22928810200017
                  ],
                  [
                    20.713062067000067,
                    40.224763898000106
                  ],
                  [
                    20.713138580000077,
                    40.22309875500008
                  ],
                  [
                    20.713148118000163,
                    40.2228584290001
                  ],
                  [
                    20.713230090000025,
                    40.22267370399999
                  ],
                  [
                    20.713642014000186,
                    40.22174542100004
                  ],
                  [
                    20.715897560000144,
                    40.21598307300019
                  ],
                  [
                    20.711674595000034,
                    40.20819130000007
                  ],
                  [
                    20.710682522000127,
                    40.207335094000086
                  ],
                  [
                    20.709861756000066,
                    40.20693588300003
                  ],
                  [
                    20.70521354600004,
                    40.20386505100015
                  ],
                  [
                    20.704744339,
                    40.202785493000135
                  ],
                  [
                    20.704855952000116,
                    40.20217943500012
                  ],
                  [
                    20.70268631,
                    40.1987037670001
                  ],
                  [
                    20.701189042000124,
                    40.19612121600005
                  ],
                  [
                    20.700880050000137,
                    40.19556045500008
                  ],
                  [
                    20.70064543899997,
                    40.19473182600018
                  ],
                  [
                    20.69460678100006,
                    40.19027837200014
                  ],
                  [
                    20.689134598000123,
                    40.18967437900017
                  ],
                  [
                    20.68542480400015,
                    40.1887588510001
                  ],
                  [
                    20.682954788000075,
                    40.188144685000054
                  ],
                  [
                    20.68189430300015,
                    40.18743133600009
                  ],
                  [
                    20.68170703200019,
                    40.18683736500009
                  ],
                  [
                    20.677533387000096,
                    40.184628892000035
                  ],
                  [
                    20.677488327000106,
                    40.184627533000025
                  ],
                  [
                    20.676496505000102,
                    40.184600831000125
                  ],
                  [
                    20.673246383000162,
                    40.18389129600013
                  ],
                  [
                    20.671207428000116,
                    40.18298721300005
                  ],
                  [
                    20.670499802000165,
                    40.18191146800012
                  ],
                  [
                    20.670560837000153,
                    40.18110275200013
                  ],
                  [
                    20.671770096000103,
                    40.17949676500007
                  ],
                  [
                    20.67229270900009,
                    40.177875519000054
                  ],
                  [
                    20.67248021800009,
                    40.17761139400011
                  ],
                  [
                    20.670196533000023,
                    40.172725677000074
                  ],
                  [
                    20.668849944999977,
                    40.16835403500005
                  ],
                  [
                    20.66814041100008,
                    40.16734695500003
                  ],
                  [
                    20.668532755000058,
                    40.16555272600016
                  ],
                  [
                    20.668283463000023,
                    40.16335106000008
                  ],
                  [
                    20.667774201000157,
                    40.16233825800009
                  ],
                  [
                    20.667944137000177,
                    40.16172732700011
                  ],
                  [
                    20.66748630700016,
                    40.159536526000124
                  ],
                  [
                    20.66706657400016,
                    40.15927124100011
                  ],
                  [
                    20.66645813000008,
                    40.158374787000184
                  ],
                  [
                    20.667358399000022,
                    40.157783509000126
                  ],
                  [
                    20.66964148200003,
                    40.157042421000085
                  ],
                  [
                    20.67082659400006,
                    40.155901590999974
                  ],
                  [
                    20.67108105800014,
                    40.15570630600007
                  ],
                  [
                    20.671781539000108,
                    40.154380798000034
                  ],
                  [
                    20.675453186000027,
                    40.15179824900014
                  ],
                  [
                    20.67682457000018,
                    40.15129852300015
                  ],
                  [
                    20.68550834600012,
                    40.144796754000026
                  ],
                  [
                    20.68331900700008,
                    40.14011921300016
                  ],
                  [
                    20.683010101000093,
                    40.13991546700015
                  ],
                  [
                    20.682832717000167,
                    40.139747619000104
                  ],
                  [
                    20.682668687000103,
                    40.139606475000164
                  ],
                  [
                    20.682416915000033,
                    40.13934707600009
                  ],
                  [
                    20.682149888000083,
                    40.13906479000019
                  ],
                  [
                    20.676897049000047,
                    40.135528564000026
                  ],
                  [
                    20.6757373800001,
                    40.13432312000009
                  ],
                  [
                    20.67482948200012,
                    40.13264846900017
                  ],
                  [
                    20.674712497000144,
                    40.131678
                  ],
                  [
                    20.670967102000134,
                    40.12399101300008
                  ],
                  [
                    20.66975784200008,
                    40.12273025500002
                  ],
                  [
                    20.66765022300001,
                    40.11862945500019
                  ],
                  [
                    20.669467925000163,
                    40.113905589000126
                  ],
                  [
                    20.669597238000108,
                    40.11328718500016
                  ],
                  [
                    20.669006347000163,
                    40.11200714199998
                  ],
                  [
                    20.670421132000058,
                    40.1093471210001
                  ],
                  [
                    20.670700074000024,
                    40.108013154000105
                  ],
                  [
                    20.67115593000011,
                    40.10078430100003
                  ],
                  [
                    20.66939735500017,
                    40.09811019800003
                  ],
                  [
                    20.66930360300006,
                    40.097806164000076
                  ],
                  [
                    20.668026231000056,
                    40.095752427000036
                  ],
                  [
                    20.663197201000173,
                    40.09364948900014
                  ],
                  [
                    20.66309738199999,
                    40.093658447000166
                  ],
                  [
                    20.662620545000095,
                    40.093547822000176
                  ],
                  [
                    20.662384034000127,
                    40.093486786000085
                  ],
                  [
                    20.661876678000056,
                    40.093299865000176
                  ],
                  [
                    20.661552430000086,
                    40.09312820499997
                  ],
                  [
                    20.661252976000185,
                    40.09295654400012
                  ],
                  [
                    20.66091346800016,
                    40.09278488100017
                  ],
                  [
                    20.660762788000113,
                    40.09268951400003
                  ],
                  [
                    20.660570144000133,
                    40.09251403800005
                  ],
                  [
                    20.660125733000086,
                    40.09214019800004
                  ],
                  [
                    20.659963608000055,
                    40.091964723
                  ],
                  [
                    20.659893065000176,
                    40.09186495500012
                  ],
                  [
                    20.65757390100015,
                    40.09052899100004
                  ],
                  [
                    20.65177755100018,
                    40.08885295600004
                  ],
                  [
                    20.651430831000084,
                    40.08877776400004
                  ],
                  [
                    20.64548687000007,
                    40.088256680000086
                  ],
                  [
                    20.645170212000153,
                    40.088287353000055
                  ],
                  [
                    20.644365310000182,
                    40.08839035000011
                  ],
                  [
                    20.6439361570001,
                    40.08838653500004
                  ],
                  [
                    20.643310548000102,
                    40.08839416500018
                  ],
                  [
                    20.642833710000104,
                    40.088443755000185
                  ],
                  [
                    20.642282487000045,
                    40.088443755000185
                  ],
                  [
                    20.64161300600017,
                    40.088397980000025
                  ],
                  [
                    20.641166687000066,
                    40.08839416500018
                  ],
                  [
                    20.64076423600011,
                    40.08844757100013
                  ],
                  [
                    20.640287399000158,
                    40.08855819800016
                  ],
                  [
                    20.63997650200014,
                    40.08867645300006
                  ],
                  [
                    20.63966369700006,
                    40.08880996700009
                  ],
                  [
                    20.639425278000147,
                    40.088947296000185
                  ],
                  [
                    20.639230729000133,
                    40.08905792200011
                  ],
                  [
                    20.63893318200013,
                    40.08905792200011
                  ],
                  [
                    20.638263701000085,
                    40.08907699499997
                  ],
                  [
                    20.637981415000127,
                    40.089050294000174
                  ],
                  [
                    20.637697220000177,
                    40.088863373000095
                  ],
                  [
                    20.637224198000126,
                    40.088615418000074
                  ],
                  [
                    20.637165070000037,
                    40.0885200510001
                  ],
                  [
                    20.6370906840001,
                    40.088268280000136
                  ],
                  [
                    20.636999431000106,
                    40.08803649800012
                  ],
                  [
                    20.633814129000143,
                    40.08733527100014
                  ],
                  [
                    20.63359832800012,
                    40.087356567000086
                  ],
                  [
                    20.633031846000165,
                    40.08730316200007
                  ],
                  [
                    20.63244392900009,
                    40.08716193000009
                  ],
                  [
                    20.62846398800002,
                    40.08724255400017
                  ],
                  [
                    20.628211975000056,
                    40.08726883000003
                  ],
                  [
                    20.62782478200012,
                    40.087356567000086
                  ],
                  [
                    20.627302170000178,
                    40.08745956400003
                  ],
                  [
                    20.62685584900015,
                    40.087574005000135
                  ],
                  [
                    20.62642478900017,
                    40.08763122500011
                  ],
                  [
                    20.625650405000044,
                    40.08769989000018
                  ],
                  [
                    20.62468338000008,
                    40.08768844700006
                  ],
                  [
                    20.62410354500014,
                    40.0876922600001
                  ],
                  [
                    20.623315811000168,
                    40.08761596700009
                  ],
                  [
                    20.622735976000058,
                    40.087478638000164
                  ],
                  [
                    20.621961595000187,
                    40.08728790300012
                  ],
                  [
                    20.62129402100004,
                    40.08705139199998
                  ],
                  [
                    20.62083435000011,
                    40.08689499000019
                  ],
                  [
                    20.620403289000024,
                    40.08673477300016
                  ],
                  [
                    20.619943618000093,
                    40.08628082400003
                  ],
                  [
                    20.619810104000067,
                    40.08604431300006
                  ],
                  [
                    20.619604112000104,
                    40.085666657000104
                  ],
                  [
                    20.619560241999977,
                    40.085315704000095
                  ],
                  [
                    20.619557594000128,
                    40.08517954500013
                  ],
                  [
                    20.615987759000063,
                    40.08314101299999
                  ],
                  [
                    20.61588668800016,
                    40.08312988400007
                  ],
                  [
                    20.61574554400005,
                    40.083080292000034
                  ],
                  [
                    20.614326477000134,
                    40.0825958260001
                  ],
                  [
                    20.613866806000033,
                    40.08213806200007
                  ],
                  [
                    20.61346817000009,
                    40.08049011300005
                  ],
                  [
                    20.61353467200007,
                    40.08029187400007
                  ],
                  [
                    20.611547297000016,
                    40.077678854000055
                  ],
                  [
                    20.60615686500006,
                    40.074576500000035
                  ],
                  [
                    20.604530106000027,
                    40.07340489300003
                  ],
                  [
                    20.604404450000118,
                    40.07336044300007
                  ],
                  [
                    20.603942871000186,
                    40.073112487000174
                  ],
                  [
                    20.60348319899998,
                    40.072803497000166
                  ],
                  [
                    20.603008269000156,
                    40.072402954000154
                  ],
                  [
                    20.602815628000087,
                    40.07222366300016
                  ],
                  [
                    20.602535247000105,
                    40.07198333700018
                  ],
                  [
                    20.602449015000047,
                    40.07190607299998
                  ],
                  [
                    20.60055184400005,
                    40.07053971300007
                  ],
                  [
                    20.594101191000163,
                    40.06860574600006
                  ],
                  [
                    20.593990058000145,
                    40.06859412800014
                  ],
                  [
                    20.59392166100008,
                    40.068622589000086
                  ],
                  [
                    20.593711853000116,
                    40.06870651300011
                  ],
                  [
                    20.593580245000055,
                    40.06876373300008
                  ],
                  [
                    20.59341430699999,
                    40.068840027000135
                  ],
                  [
                    20.593265533000135,
                    40.06891632000014
                  ],
                  [
                    20.59305763300017,
                    40.069000244000165
                  ],
                  [
                    20.592878342000176,
                    40.06904220600012
                  ],
                  [
                    20.592655182000158,
                    40.06908798300009
                  ],
                  [
                    20.59246063200004,
                    40.06916427700014
                  ],
                  [
                    20.592193603000112,
                    40.069202424000025
                  ],
                  [
                    20.591939926000123,
                    40.069248201000164
                  ],
                  [
                    20.5916271210001,
                    40.06932830900007
                  ],
                  [
                    20.59134483300005,
                    40.06932067900016
                  ],
                  [
                    20.591033936000144,
                    40.06918335000006
                  ],
                  [
                    20.590826033999974,
                    40.06908035300012
                  ],
                  [
                    20.59075164700016,
                    40.069076538000104
                  ],
                  [
                    20.590410232000067,
                    40.068885804000104
                  ],
                  [
                    20.59027671800004,
                    40.068813325000065
                  ],
                  [
                    20.5901737210001,
                    40.06872558600003
                  ],
                  [
                    20.590040207000072,
                    40.06863403400007
                  ],
                  [
                    20.589906693000046,
                    40.068557739000084
                  ],
                  [
                    20.58975601100019,
                    40.068470002000026
                  ],
                  [
                    20.589534760000106,
                    40.06830215400015
                  ],
                  [
                    20.589431763,
                    40.068218232000106
                  ],
                  [
                    20.589311600000087,
                    40.06814193700012
                  ],
                  [
                    20.58922271500012,
                    40.06809576300003
                  ],
                  [
                    20.588277575000063,
                    40.067996961
                  ],
                  [
                    20.588108063000107,
                    40.06801986800008
                  ],
                  [
                    20.587944031000177,
                    40.06802368100011
                  ],
                  [
                    20.587677001000145,
                    40.06802368100011
                  ],
                  [
                    20.587348938000048,
                    40.06798553400006
                  ],
                  [
                    20.587186813000073,
                    40.06798934900013
                  ],
                  [
                    20.58694839400016,
                    40.06799316400014
                  ],
                  [
                    20.586635590000185,
                    40.06793975900007
                  ],
                  [
                    20.58638382000015,
                    40.0678939820001
                  ],
                  [
                    20.586145401000067,
                    40.067817689000094
                  ],
                  [
                    20.586011888000087,
                    40.06774902300015
                  ],
                  [
                    20.585790635000023,
                    40.06764221300017
                  ],
                  [
                    20.585655213000166,
                    40.067604066000115
                  ],
                  [
                    20.58534431400011,
                    40.06749343900009
                  ],
                  [
                    20.585151672000165,
                    40.06739807200012
                  ],
                  [
                    20.585014633000128,
                    40.06735421900015
                  ],
                  [
                    20.580381923000118,
                    40.06625599300003
                  ],
                  [
                    20.57972079400008,
                    40.066073168000116
                  ],
                  [
                    20.579416276000075,
                    40.066104889000144
                  ],
                  [
                    20.579118730000175,
                    40.06613159200015
                  ],
                  [
                    20.578762055000027,
                    40.06613922200006
                  ],
                  [
                    20.578521729000045,
                    40.066104889000144
                  ],
                  [
                    20.578226090000044,
                    40.06607055700016
                  ],
                  [
                    20.577959060000126,
                    40.066059113999984
                  ],
                  [
                    20.57761573700003,
                    40.066032410000105
                  ],
                  [
                    20.57705116300008,
                    40.06583786100009
                  ],
                  [
                    20.57699203500016,
                    40.065814972000055
                  ],
                  [
                    20.57672500500007,
                    40.0657081600001
                  ],
                  [
                    20.576368331000026,
                    40.06558227600016
                  ],
                  [
                    20.57625007600012,
                    40.065498353000066
                  ],
                  [
                    20.575984955000138,
                    40.065292358000136
                  ],
                  [
                    20.575569153000174,
                    40.06494522200006
                  ],
                  [
                    20.575532895000038,
                    40.06491506700013
                  ],
                  [
                    20.575433050000186,
                    40.064887456000065
                  ],
                  [
                    20.570674896000128,
                    40.06347923300018
                  ],
                  [
                    20.56933595600003,
                    40.063356753000164
                  ],
                  [
                    20.569047928000032,
                    40.06334686400015
                  ],
                  [
                    20.56827354400008,
                    40.063270568
                  ],
                  [
                    20.567890802000022,
                    40.06322455700007
                  ],
                  [
                    20.567314495,
                    40.06317183900012
                  ],
                  [
                    20.567302931000143,
                    40.06317078100005
                  ],
                  [
                    20.564256059000115,
                    40.062892067000064
                  ],
                  [
                    20.561785208,
                    40.06283435600017
                  ],
                  [
                    20.56161308200018,
                    40.06286621200013
                  ],
                  [
                    20.560869217000175,
                    40.06293487500005
                  ],
                  [
                    20.560392380000053,
                    40.06298065200019
                  ],
                  [
                    20.560035706000065,
                    40.06297302200011
                  ],
                  [
                    20.559738159,
                    40.06292724700012
                  ],
                  [
                    20.559219359999986,
                    40.06279373100011
                  ],
                  [
                    20.55912453700006,
                    40.06277221200003
                  ],
                  [
                    20.55896204200019,
                    40.06276841600004
                  ],
                  [
                    20.557435045999966,
                    40.06274070500018
                  ],
                  [
                    20.55712127700002,
                    40.06288528500005
                  ],
                  [
                    20.55652618400012,
                    40.063083649000134
                  ],
                  [
                    20.55606269900005,
                    40.06324005199997
                  ],
                  [
                    20.555706025000177,
                    40.063220978000174
                  ],
                  [
                    20.555290223000043,
                    40.06307220400015
                  ],
                  [
                    20.55509757900012,
                    40.06304168700018
                  ],
                  [
                    20.554681777000155,
                    40.06294632000004
                  ],
                  [
                    20.55423736600011,
                    40.06275558400006
                  ],
                  [
                    20.55399894800007,
                    40.0626640320001
                  ],
                  [
                    20.553598404000127,
                    40.06255340700011
                  ],
                  [
                    20.553211213000168,
                    40.06246185300017
                  ],
                  [
                    20.552839279000125,
                    40.062370301000044
                  ],
                  [
                    20.552513123000153,
                    40.062232972000174
                  ],
                  [
                    20.551816940000037,
                    40.062023162
                  ],
                  [
                    20.551342011000088,
                    40.06184768700018
                  ],
                  [
                    20.55071640100016,
                    40.061714173000155
                  ],
                  [
                    20.55013847400005,
                    40.06157684400006
                  ],
                  [
                    20.549840928000094,
                    40.061496735000105
                  ],
                  [
                    20.549514770000144,
                    40.06140518300015
                  ],
                  [
                    20.54926109300004,
                    40.061336518000076
                  ],
                  [
                    20.548978805000104,
                    40.06129074100011
                  ],
                  [
                    20.548696517,
                    40.06126022400014
                  ],
                  [
                    20.549242020000122,
                    40.060752868000066
                  ],
                  [
                    20.549412213000096,
                    40.06061049600004
                  ],
                  [
                    20.542559814000015,
                    40.057546997000145
                  ],
                  [
                    20.538572369000065,
                    40.05950214300009
                  ],
                  [
                    20.537359238000136,
                    40.06029510600007
                  ],
                  [
                    20.53639888800012,
                    40.06056785700014
                  ],
                  [
                    20.53212547300012,
                    40.06369018500004
                  ],
                  [
                    20.526384354000186,
                    40.066051483000194
                  ],
                  [
                    20.521390915000097,
                    40.06930542100014
                  ],
                  [
                    20.514807701000052,
                    40.071866989000114
                  ],
                  [
                    20.51360702500017,
                    40.07255935600011
                  ],
                  [
                    20.512627448000046,
                    40.07274841100008
                  ],
                  [
                    20.505849266000155,
                    40.0754886630001
                  ],
                  [
                    20.505777865000027,
                    40.075426723000135
                  ],
                  [
                    20.504663468000103,
                    40.076709748000155
                  ],
                  [
                    20.504003525000144,
                    40.076541900000166
                  ],
                  [
                    20.500486375000094,
                    40.073093414000084
                  ],
                  [
                    20.500217438000107,
                    40.072097779000046
                  ],
                  [
                    20.500579316000028,
                    40.07091705400012
                  ],
                  [
                    20.500464631000057,
                    40.07081756600007
                  ],
                  [
                    20.49570083599997,
                    40.06696510400019
                  ],
                  [
                    20.490871430000084,
                    40.065799714000036
                  ],
                  [
                    20.487138351,
                    40.062115670000026
                  ],
                  [
                    20.479968964000022,
                    40.06208271500009
                  ],
                  [
                    20.472600364000186,
                    40.064193090000174
                  ],
                  [
                    20.465849304000074,
                    40.068046308000135
                  ],
                  [
                    20.463921148000054,
                    40.06975972700002
                  ],
                  [
                    20.46387100200019,
                    40.069835663000106
                  ],
                  [
                    20.46382713200012,
                    40.06999588100007
                  ],
                  [
                    20.463737488000163,
                    40.07025528000008
                  ],
                  [
                    20.46364784200017,
                    40.07053375300012
                  ],
                  [
                    20.463527679000094,
                    40.070762634000175
                  ],
                  [
                    20.463378906000116,
                    40.07103729200014
                  ],
                  [
                    20.46328926199999,
                    40.071197510000104
                  ],
                  [
                    20.463096618000066,
                    40.07148742800007
                  ],
                  [
                    20.46294784600019,
                    40.071670532000155
                  ],
                  [
                    20.46273994400019,
                    40.07188034100017
                  ],
                  [
                    20.462530136000055,
                    40.072029114000145
                  ],
                  [
                    20.462247848000175,
                    40.07215499900019
                  ],
                  [
                    20.46203804100014,
                    40.07223129300007
                  ],
                  [
                    20.461799622000058,
                    40.072330475000115
                  ],
                  [
                    20.46150398300017,
                    40.07239532600005
                  ],
                  [
                    20.46118927100008,
                    40.072402954000154
                  ],
                  [
                    20.460832597000035,
                    40.07239913900014
                  ],
                  [
                    20.46060943600014,
                    40.07241058400007
                  ],
                  [
                    20.46036911000016,
                    40.07241439900014
                  ],
                  [
                    20.460088730000052,
                    40.07239532600005
                  ],
                  [
                    20.45980453400017,
                    40.07237625200008
                  ],
                  [
                    20.45946121300011,
                    40.072311402000025
                  ],
                  [
                    20.45919227500002,
                    40.072288513000046
                  ],
                  [
                    20.45889472900012,
                    40.07226944000013
                  ],
                  [
                    20.45855331500013,
                    40.072185516000104
                  ],
                  [
                    20.45801544200009,
                    40.072288513000046
                  ],
                  [
                    20.457599640000183,
                    40.07227325500003
                  ],
                  [
                    20.457225800000117,
                    40.07225418200011
                  ],
                  [
                    20.456899643000042,
                    40.07219696100009
                  ],
                  [
                    20.45658493000002,
                    40.07216262800017
                  ],
                  [
                    20.45633316100009,
                    40.072143554000036
                  ],
                  [
                    20.455871582000157,
                    40.07212066800008
                  ],
                  [
                    20.455558777000135,
                    40.07212066800008
                  ],
                  [
                    20.45518684500007,
                    40.07212829600019
                  ],
                  [
                    20.45493125800016,
                    40.07212066800008
                  ],
                  [
                    20.45462036100014,
                    40.07212829600019
                  ],
                  [
                    20.454277040000022,
                    40.07212829600019
                  ],
                  [
                    20.454071593000037,
                    40.07212647800003
                  ],
                  [
                    20.453845977000185,
                    40.07212448100012
                  ],
                  [
                    20.453428268000152,
                    40.072109222
                  ],
                  [
                    20.45308494600016,
                    40.07208251900005
                  ],
                  [
                    20.45284652800018,
                    40.07206726100003
                  ],
                  [
                    20.452459335000185,
                    40.072025299000074
                  ],
                  [
                    20.45232582100016,
                    40.07200622500011
                  ],
                  [
                    20.452291489000174,
                    40.071998597000174
                  ],
                  [
                    20.452699032000055,
                    40.07074811200005
                  ],
                  [
                    20.44660509200014,
                    40.068457796000075
                  ],
                  [
                    20.446365357000104,
                    40.06844711300016
                  ],
                  [
                    20.444311143000164,
                    40.06814575200019
                  ],
                  [
                    20.44172668400006,
                    40.06776428200004
                  ],
                  [
                    20.434137344000078,
                    40.06445312600016
                  ],
                  [
                    20.426227570000037,
                    40.061462403000064
                  ],
                  [
                    20.42612075800008,
                    40.061420441000166
                  ],
                  [
                    20.425079346000075,
                    40.06103515600017
                  ],
                  [
                    20.424888610000096,
                    40.060897827000076
                  ],
                  [
                    20.423563416000036,
                    40.059947384000054
                  ],
                  [
                    20.416957219000096,
                    40.056723277000174
                  ],
                  [
                    20.41687209899999,
                    40.056684756000095
                  ],
                  [
                    20.415372849000107,
                    40.056217193000066
                  ],
                  [
                    20.411884308000026,
                    40.05577087400019
                  ],
                  [
                    20.411314011,
                    40.05544281100009
                  ],
                  [
                    20.411605591000182,
                    40.054301451000185
                  ],
                  [
                    20.41158199299997,
                    40.054290772000115
                  ],
                  [
                    20.407518388000142,
                    40.049074173
                  ],
                  [
                    20.404021679000095,
                    40.046069802000034
                  ],
                  [
                    20.40223121600019,
                    40.044708253000124
                  ],
                  [
                    20.401822091000156,
                    40.044179917000065
                  ],
                  [
                    20.401412965000077,
                    40.04365158100006
                  ],
                  [
                    20.40254783600011,
                    40.03796005200013
                  ],
                  [
                    20.406341553000175,
                    40.03356425000004
                  ],
                  [
                    20.405590976000155,
                    40.03241282500011
                  ],
                  [
                    20.403823853000063,
                    40.03121948400002
                  ],
                  [
                    20.402784347000022,
                    40.029945374000135
                  ],
                  [
                    20.403026581000177,
                    40.02800369300013
                  ],
                  [
                    20.403078304000076,
                    40.02790532100016
                  ],
                  [
                    20.401899338000078,
                    40.023159026000144
                  ],
                  [
                    20.399553299000047,
                    40.01901817300006
                  ],
                  [
                    20.398473740000156,
                    40.01835250800019
                  ],
                  [
                    20.39615631100014,
                    40.015151978
                  ],
                  [
                    20.39114761400009,
                    40.0121803290001
                  ],
                  [
                    20.390199662000157,
                    40.010925293000184
                  ],
                  [
                    20.38954162600004,
                    40.008857728000066
                  ],
                  [
                    20.389373779000096,
                    40.00579834000007
                  ],
                  [
                    20.390128453000045,
                    40.00435829200012
                  ],
                  [
                    20.389280319000022,
                    39.99820327800012
                  ],
                  [
                    20.388610840000126,
                    39.99721527100019
                  ],
                  [
                    20.387880326000072,
                    39.992614747
                  ],
                  [
                    20.387831689000052,
                    39.99230766400012
                  ],
                  [
                    20.382718351000108,
                    39.989188834000174
                  ],
                  [
                    20.382125854000037,
                    39.98934173600003
                  ],
                  [
                    20.38014793400015,
                    39.98854064900007
                  ],
                  [
                    20.37522316000019,
                    39.98761749300007
                  ],
                  [
                    20.37149620100007,
                    39.98691940300006
                  ],
                  [
                    20.370548249000024,
                    39.98621368500011
                  ],
                  [
                    20.37024500500013,
                    39.98580935900003
                  ],
                  [
                    20.367579937000073,
                    39.98326110900007
                  ],
                  [
                    20.348817825000026,
                    39.98365783700018
                  ],
                  [
                    20.327820778000103,
                    39.984802247
                  ],
                  [
                    20.322690010000144,
                    39.98538017400017
                  ],
                  [
                    20.321655273000033,
                    39.98561859200015
                  ],
                  [
                    20.31252670300006,
                    39.98517990100004
                  ],
                  [
                    20.31187057400001,
                    39.9851455700001
                  ],
                  [
                    20.311836545000176,
                    39.98514396000013
                  ],
                  [
                    20.311793645000137,
                    39.98514302600006
                  ],
                  [
                    20.30602237200003,
                    39.984871455000075
                  ],
                  [
                    20.306040817000053,
                    39.984674081000094
                  ],
                  [
                    20.305143356000144,
                    39.98439407400008
                  ],
                  [
                    20.306438447000062,
                    39.98041915800019
                  ],
                  [
                    20.309232711000163,
                    39.97501373300014
                  ],
                  [
                    20.31076622000012,
                    39.970691680000186
                  ],
                  [
                    20.312307357,
                    39.968315124000014
                  ],
                  [
                    20.313848495000173,
                    39.96711349499998
                  ],
                  [
                    20.317489625000178,
                    39.96649932900016
                  ],
                  [
                    20.317939759000126,
                    39.96628379900011
                  ],
                  [
                    20.319555824000133,
                    39.96283323700004
                  ],
                  [
                    20.320074081000143,
                    39.961395263999975
                  ],
                  [
                    20.320790291000094,
                    39.96019744900008
                  ],
                  [
                    20.321506501000158,
                    39.958999634
                  ],
                  [
                    20.327650071000107,
                    39.955051422
                  ],
                  [
                    20.334327697000163,
                    39.94700240999998
                  ],
                  [
                    20.334989548000124,
                    39.94398117100002
                  ],
                  [
                    20.33594131500007,
                    39.94281768900004
                  ],
                  [
                    20.33604754600009,
                    39.94268785100013
                  ],
                  [
                    20.337814332000107,
                    39.93828773600012
                  ],
                  [
                    20.334428786000103,
                    39.93278884900019
                  ],
                  [
                    20.332283020000034,
                    39.92555872600013
                  ],
                  [
                    20.33203887900015,
                    39.924739837000175
                  ],
                  [
                    20.33027076700006,
                    39.91879654000019
                  ],
                  [
                    20.33031559000011,
                    39.918237687000044
                  ],
                  [
                    20.330360413000164,
                    39.91767883299997
                  ],
                  [
                    20.3348655690001,
                    39.913543702000084
                  ],
                  [
                    20.33596038800016,
                    39.91280174400015
                  ],
                  [
                    20.33705520700005,
                    39.91205978500011
                  ],
                  [
                    20.34065818800019,
                    39.91093444799998
                  ],
                  [
                    20.34461021400017,
                    39.90831375200008
                  ],
                  [
                    20.35021146100007,
                    39.90722274800004
                  ],
                  [
                    20.35068518899999,
                    39.906929714000114
                  ],
                  [
                    20.3509922020001,
                    39.906242370000086
                  ],
                  [
                    20.352453231000084,
                    39.905437470000095
                  ],
                  [
                    20.35398483299997,
                    39.90395355300018
                  ],
                  [
                    20.35514017500003,
                    39.90390442300003
                  ],
                  [
                    20.357343020000144,
                    39.89852371900014
                  ],
                  [
                    20.3574199680001,
                    39.89781570499997
                  ],
                  [
                    20.3581209190001,
                    39.89662361200004
                  ],
                  [
                    20.358821869000167,
                    39.89543151800018
                  ],
                  [
                    20.364116670000158,
                    39.88986587500017
                  ],
                  [
                    20.36524963300019,
                    39.886272431000066
                  ],
                  [
                    20.366409302000136,
                    39.885971070000096
                  ],
                  [
                    20.367161865000128,
                    39.88627251100007
                  ],
                  [
                    20.37220954900016,
                    39.885227203000056
                  ],
                  [
                    20.376863480000168,
                    39.88335609400008
                  ],
                  [
                    20.375585556000146,
                    39.877388000999986
                  ],
                  [
                    20.375099182000042,
                    39.87536621100003
                  ],
                  [
                    20.37886428800016,
                    39.87026596100014
                  ],
                  [
                    20.38041879200017,
                    39.86555121600003
                  ],
                  [
                    20.38044929500012,
                    39.8647308350001
                  ],
                  [
                    20.380859375000114,
                    39.86394119300013
                  ],
                  [
                    20.3848648070001,
                    39.85877990800003
                  ],
                  [
                    20.39653587400005,
                    39.84635543900009
                  ],
                  [
                    20.39882850600003,
                    39.842979431000174
                  ],
                  [
                    20.401029587000153,
                    39.840564727000014
                  ],
                  [
                    20.401920319000112,
                    39.839859009000065
                  ],
                  [
                    20.404642104000175,
                    39.837703706000184
                  ],
                  [
                    20.408775330000026,
                    39.83528518700018
                  ],
                  [
                    20.406328849000033,
                    39.82999010000003
                  ],
                  [
                    20.40444946200006,
                    39.828517913000155
                  ],
                  [
                    20.404544830000134,
                    39.82784271300011
                  ],
                  [
                    20.404863357000067,
                    39.82558822600015
                  ],
                  [
                    20.405126572000086,
                    39.82530594000008
                  ],
                  [
                    20.406726141000036,
                    39.82361076300003
                  ],
                  [
                    20.407309850000104,
                    39.82102712000005
                  ],
                  [
                    20.407236176000026,
                    39.820686586000136
                  ],
                  [
                    20.406307220000087,
                    39.819614411000146
                  ],
                  [
                    20.406469359000084,
                    39.81714220500004
                  ],
                  [
                    20.406204224000078,
                    39.81591669700009
                  ],
                  [
                    20.40567207200013,
                    39.81454849300002
                  ],
                  [
                    20.40621442900016,
                    39.813000358000124
                  ],
                  [
                    20.406225840000104,
                    39.809739431000025
                  ],
                  [
                    20.39810943700013,
                    39.79911613500019
                  ],
                  [
                    20.39677132500009,
                    39.798128229000156
                  ],
                  [
                    20.393964768000103,
                    39.797096253
                  ],
                  [
                    20.392435074,
                    39.79550170800019
                  ],
                  [
                    20.392048486000192,
                    39.79462620000004
                  ],
                  [
                    20.386640548000173,
                    39.78987503000019
                  ],
                  [
                    20.384542465000038,
                    39.78715133700018
                  ],
                  [
                    20.384433747000116,
                    39.78665924100011
                  ],
                  [
                    20.384256,
                    39.78586200000018
                  ],
                  [
                    20.384152735000157,
                    39.78539666300014
                  ],
                  [
                    20.384092510000016,
                    39.78528825000012
                  ],
                  [
                    20.378984266000145,
                    39.78275474100019
                  ],
                  [
                    20.376995,
                    39.78252
                  ],
                  [
                    20.37666,
                    39.782048
                  ],
                  [
                    20.376170635000165,
                    39.781359279000185
                  ],
                  [
                    20.375793911000073,
                    39.78117243700018
                  ],
                  [
                    20.367911971000183,
                    39.78020315700013
                  ],
                  [
                    20.36143875100015,
                    39.78335380600009
                  ],
                  [
                    20.35253184400011,
                    39.78974217000007
                  ],
                  [
                    20.348422413000037,
                    39.79428753300016
                  ],
                  [
                    20.348289,
                    39.79446400000012
                  ],
                  [
                    20.34818500000017,
                    39.794601
                  ],
                  [
                    20.34132,
                    39.798355000000186
                  ],
                  [
                    20.336849000000143,
                    39.79977800000012
                  ],
                  [
                    20.336283,
                    39.799867
                  ],
                  [
                    20.329218,
                    39.80097600000016
                  ],
                  [
                    20.32182500500005,
                    39.80306849699997
                  ],
                  [
                    20.320333000000176,
                    39.803822
                  ],
                  [
                    20.318083000000172,
                    39.804600000000164
                  ],
                  [
                    20.317682,
                    39.804741
                  ],
                  [
                    20.317333,
                    39.804852
                  ],
                  [
                    20.31712300000015,
                    39.804844
                  ],
                  [
                    20.31703,
                    39.80483600000014
                  ],
                  [
                    20.316744,
                    39.804813
                  ],
                  [
                    20.31670823700017,
                    39.80481023800013
                  ],
                  [
                    20.307234703000063,
                    39.805801695000184
                  ],
                  [
                    20.307,
                    39.806090000000154
                  ],
                  [
                    20.306440000000123,
                    39.806778
                  ],
                  [
                    20.30597200000011,
                    39.807094
                  ],
                  [
                    20.30522,
                    39.807602
                  ],
                  [
                    20.304540000000145,
                    39.807899
                  ],
                  [
                    20.30298800000014,
                    39.808578000000125
                  ],
                  [
                    20.302451000000133,
                    39.808814
                  ],
                  [
                    20.302109,
                    39.80896400000012
                  ],
                  [
                    20.30190835999997,
                    39.80905247900006
                  ],
                  [
                    20.301898937000033,
                    39.80905663500005
                  ],
                  [
                    20.301338,
                    39.80930400000017
                  ],
                  [
                    20.300632,
                    39.809616
                  ],
                  [
                    20.29919200000012,
                    39.810254
                  ],
                  [
                    20.29712700000016,
                    39.81116900000012
                  ],
                  [
                    20.296804279000185,
                    39.81097643700008
                  ],
                  [
                    20.296765,
                    39.810953000000154
                  ],
                  [
                    20.296276,
                    39.81066100000015
                  ],
                  [
                    20.29620000000017,
                    39.810437
                  ],
                  [
                    20.295889,
                    39.80952500000012
                  ],
                  [
                    20.295546,
                    39.80855100000019
                  ],
                  [
                    20.295365222000044,
                    39.80803824900016
                  ],
                  [
                    20.292255696000154,
                    39.805198603
                  ],
                  [
                    20.292067,
                    39.80508800000018
                  ],
                  [
                    20.291825,
                    39.804938
                  ],
                  [
                    20.291710000000137,
                    39.804867
                  ],
                  [
                    20.291606,
                    39.80480000000017
                  ],
                  [
                    20.29156988700015,
                    39.80477700100016
                  ],
                  [
                    20.287776541000028,
                    39.8029688630001
                  ],
                  [
                    20.287092000000143,
                    39.80276500000019
                  ],
                  [
                    20.284290000000112,
                    39.800860000000114
                  ],
                  [
                    20.282804,
                    39.79985
                  ],
                  [
                    20.28272800000019,
                    39.79973
                  ],
                  [
                    20.282616000000132,
                    39.799553000000174
                  ],
                  [
                    20.283398,
                    39.796322
                  ],
                  [
                    20.283783,
                    39.79556600000018
                  ],
                  [
                    20.28398143700008,
                    39.79517725800014
                  ],
                  [
                    20.284149000000127,
                    39.79484900000017
                  ],
                  [
                    20.284389,
                    39.794609
                  ],
                  [
                    20.288612000000114,
                    39.790195
                  ],
                  [
                    20.289925278000055,
                    39.789247614000146
                  ],
                  [
                    20.292926348000037,
                    39.785840849000124
                  ],
                  [
                    20.293167,
                    39.785534
                  ],
                  [
                    20.29349347500016,
                    39.78526268300004
                  ],
                  [
                    20.297632901000156,
                    39.78104268700014
                  ],
                  [
                    20.29974079200008,
                    39.77523422300004
                  ],
                  [
                    20.296850205000055,
                    39.77041626099998
                  ],
                  [
                    20.29278332900003,
                    39.76732945800012
                  ],
                  [
                    20.291782,
                    39.76669700000019
                  ],
                  [
                    20.290973423000025,
                    39.765980873
                  ],
                  [
                    20.289405529000135,
                    39.76484825199998
                  ],
                  [
                    20.287235,
                    39.763733000000116
                  ],
                  [
                    20.28584,
                    39.762483
                  ],
                  [
                    20.285345000000177,
                    39.762039
                  ],
                  [
                    20.284906,
                    39.7608110000001
                  ],
                  [
                    20.285801,
                    39.75701800000013
                  ],
                  [
                    20.28582,
                    39.75693900000016
                  ],
                  [
                    20.287891000000172,
                    39.754397000000154
                  ],
                  [
                    20.291546,
                    39.749912000000165
                  ],
                  [
                    20.292339718000164,
                    39.74958011800004
                  ],
                  [
                    20.297759346000078,
                    39.745844509000165
                  ],
                  [
                    20.29888971800017,
                    39.7424775130001
                  ],
                  [
                    20.298735000000136,
                    39.739674
                  ],
                  [
                    20.299426,
                    39.73848400000014
                  ],
                  [
                    20.299526,
                    39.73831200000012
                  ],
                  [
                    20.301748,
                    39.736607000000106
                  ],
                  [
                    20.30550862400014,
                    39.7346371970001
                  ],
                  [
                    20.313999140000135,
                    39.729315287000134
                  ],
                  [
                    20.312502875000064,
                    39.72320907400018
                  ],
                  [
                    20.312243000000137,
                    39.723201
                  ],
                  [
                    20.312134000000185,
                    39.72319800000014
                  ],
                  [
                    20.31191100000018,
                    39.72321700000015
                  ],
                  [
                    20.311749,
                    39.72321300000016
                  ],
                  [
                    20.311671,
                    39.72322400000019
                  ],
                  [
                    20.311525,
                    39.723244
                  ],
                  [
                    20.311359000000152,
                    39.723238
                  ],
                  [
                    20.311319,
                    39.723236
                  ],
                  [
                    20.311230000000137,
                    39.723238
                  ],
                  [
                    20.31112700000017,
                    39.72324
                  ],
                  [
                    20.310919000000183,
                    39.72324
                  ],
                  [
                    20.310667,
                    39.72320600000012
                  ],
                  [
                    20.310613000000103,
                    39.723185000000115
                  ],
                  [
                    20.310564000000113,
                    39.723167
                  ],
                  [
                    20.31053300000019,
                    39.72312900000014
                  ],
                  [
                    20.310474000000113,
                    39.723057
                  ],
                  [
                    20.310429000000113,
                    39.72295600000018
                  ],
                  [
                    20.310387,
                    39.722862
                  ],
                  [
                    20.310387,
                    39.72271000000012
                  ],
                  [
                    20.310389,
                    39.722565
                  ],
                  [
                    20.31028600000019,
                    39.72224000000011
                  ],
                  [
                    20.310095323000155,
                    39.72187345600014
                  ],
                  [
                    20.306936970000038,
                    39.72031955
                  ],
                  [
                    20.304743,
                    39.72023
                  ],
                  [
                    20.304109861000143,
                    39.71892861500015
                  ],
                  [
                    20.303934164999987,
                    39.7188421730001
                  ],
                  [
                    20.29644959900014,
                    39.71156927900017
                  ],
                  [
                    20.29354626600019,
                    39.711122419000105
                  ],
                  [
                    20.293272,
                    39.71114
                  ],
                  [
                    20.2928280000001,
                    39.71121600000015
                  ],
                  [
                    20.292397000000108,
                    39.71122000000014
                  ],
                  [
                    20.292233,
                    39.71121600000015
                  ],
                  [
                    20.292221,
                    39.711214000000155
                  ],
                  [
                    20.29211400000014,
                    39.71120100000013
                  ],
                  [
                    20.291775,
                    39.711163
                  ],
                  [
                    20.291462,
                    39.711136
                  ],
                  [
                    20.291182000000106,
                    39.711117000000115
                  ],
                  [
                    20.29108,
                    39.71109400000017
                  ],
                  [
                    20.290951,
                    39.711065
                  ],
                  [
                    20.290918000000147,
                    39.71106
                  ],
                  [
                    20.290625,
                    39.71102100000019
                  ],
                  [
                    20.290516,
                    39.71100600000017
                  ],
                  [
                    20.290085000000147,
                    39.71088400000019
                  ],
                  [
                    20.289939000000118,
                    39.710835
                  ],
                  [
                    20.289789000000155,
                    39.710785
                  ],
                  [
                    20.289715,
                    39.71074400000015
                  ],
                  [
                    20.289583000000164,
                    39.71067000000011
                  ],
                  [
                    20.289288000000113,
                    39.71051000000017
                  ],
                  [
                    20.28910414900008,
                    39.71041632400005
                  ],
                  [
                    20.28744488500007,
                    39.70985948900005
                  ],
                  [
                    20.287302,
                    39.70983100000012
                  ],
                  [
                    20.28727,
                    39.70982
                  ],
                  [
                    20.28723,
                    39.709805
                  ],
                  [
                    20.287044,
                    39.70976300000018
                  ],
                  [
                    20.286991000000114,
                    39.709751
                  ],
                  [
                    20.286953000000153,
                    39.70974
                  ],
                  [
                    20.28680000000014,
                    39.70969800000012
                  ],
                  [
                    20.286609000000112,
                    39.70966600000014
                  ],
                  [
                    20.286341000000164,
                    39.70962100000014
                  ],
                  [
                    20.286146,
                    39.70958700000017
                  ],
                  [
                    20.285393,
                    39.709438
                  ],
                  [
                    20.285250000000133,
                    39.70941900000014
                  ],
                  [
                    20.28505100000018,
                    39.709393
                  ],
                  [
                    20.284947000000102,
                    39.70938300000017
                  ],
                  [
                    20.284889,
                    39.709377
                  ],
                  [
                    20.284713000000124,
                    39.70933800000017
                  ],
                  [
                    20.284563000000105,
                    39.70930500000014
                  ],
                  [
                    20.284281,
                    39.70920600000011
                  ],
                  [
                    20.284223,
                    39.70919800000013
                  ],
                  [
                    20.284193,
                    39.709194
                  ],
                  [
                    20.2839570000001,
                    39.70908700000018
                  ],
                  [
                    20.283779,
                    39.70902600000011
                  ],
                  [
                    20.28312700000015,
                    39.708805000000154
                  ],
                  [
                    20.28290600000014,
                    39.70871700000015
                  ],
                  [
                    20.282875000000104,
                    39.708698
                  ],
                  [
                    20.282788000000153,
                    39.70867700000019
                  ],
                  [
                    20.282667000000117,
                    39.708649
                  ],
                  [
                    20.282614000000137,
                    39.70861000000019
                  ],
                  [
                    20.282536000000107,
                    39.708553
                  ],
                  [
                    20.282356000000107,
                    39.70842700000014
                  ],
                  [
                    20.282227,
                    39.708237
                  ],
                  [
                    20.282139,
                    39.708117
                  ],
                  [
                    20.282078,
                    39.708035
                  ],
                  [
                    20.282059,
                    39.707973
                  ],
                  [
                    20.282005,
                    39.70779000000016
                  ],
                  [
                    20.282005,
                    39.70774376100019
                  ],
                  [
                    20.280412666000075,
                    39.70675900100002
                  ],
                  [
                    20.278381,
                    39.70636000000019
                  ],
                  [
                    20.277527,
                    39.706013
                  ],
                  [
                    20.276543000000174,
                    39.705612
                  ],
                  [
                    20.276237096000102,
                    39.70441162900016
                  ],
                  [
                    20.276100655000107,
                    39.70387623200003
                  ],
                  [
                    20.27399704000004,
                    39.70133577200011
                  ],
                  [
                    20.272926,
                    39.700371
                  ],
                  [
                    20.272431000000154,
                    39.699459000000104
                  ],
                  [
                    20.271868,
                    39.69842100000017
                  ],
                  [
                    20.271841252000172,
                    39.69819021000012
                  ],
                  [
                    20.270055484000068,
                    39.69433350500009
                  ],
                  [
                    20.26483866400008,
                    39.69076665200015
                  ],
                  [
                    20.2620557030001,
                    39.690099960000055
                  ],
                  [
                    20.260614,
                    39.689957000000106
                  ],
                  [
                    20.259724000000176,
                    39.68933900000013
                  ],
                  [
                    20.25808,
                    39.683666
                  ],
                  [
                    20.25812287800005,
                    39.68256342200016
                  ],
                  [
                    20.257669747000136,
                    39.680464422
                  ],
                  [
                    20.256912,
                    39.678253
                  ],
                  [
                    20.256946,
                    39.67718
                  ],
                  [
                    20.25694784700005,
                    39.677120424000066
                  ],
                  [
                    20.256985,
                    39.675922
                  ],
                  [
                    20.257341902000064,
                    39.67471452500007
                  ],
                  [
                    20.257733345000076,
                    39.67232894900002
                  ],
                  [
                    20.25694852400005,
                    39.66731995700019
                  ],
                  [
                    20.252308954000057,
                    39.668051244000026
                  ],
                  [
                    20.251659,
                    39.668945
                  ],
                  [
                    20.25106,
                    39.669056
                  ],
                  [
                    20.250718,
                    39.669121
                  ],
                  [
                    20.24809800000014,
                    39.669617
                  ],
                  [
                    20.244002859000148,
                    39.67311183000004
                  ],
                  [
                    20.243680000000154,
                    39.673859
                  ],
                  [
                    20.243084,
                    39.67524
                  ],
                  [
                    20.241551817000186,
                    39.675098493000064
                  ],
                  [
                    20.241409842999985,
                    39.675170675000174
                  ],
                  [
                    20.241013000000123,
                    39.6754590000001
                  ],
                  [
                    20.240173,
                    39.67607100000015
                  ],
                  [
                    20.23942147000008,
                    39.67618159900013
                  ],
                  [
                    20.237500999000076,
                    39.677158001000066
                  ],
                  [
                    20.234112,
                    39.67836000000017
                  ],
                  [
                    20.232808972000043,
                    39.67841444500016
                  ],
                  [
                    20.229690135,
                    39.67884246000011
                  ],
                  [
                    20.227768,
                    39.67926400000016
                  ],
                  [
                    20.22752800000012,
                    39.67931700000014
                  ],
                  [
                    20.22687400000018,
                    39.67946
                  ],
                  [
                    20.22672100000011,
                    39.679493
                  ],
                  [
                    20.226670000000183,
                    39.679494
                  ],
                  [
                    20.226299,
                    39.67950400000012
                  ],
                  [
                    20.225599,
                    39.679525
                  ],
                  [
                    20.22513,
                    39.679539
                  ],
                  [
                    20.22489000000013,
                    39.679482
                  ],
                  [
                    20.224791,
                    39.67945500000019
                  ],
                  [
                    20.224348,
                    39.679345000000126
                  ],
                  [
                    20.22402000000011,
                    39.67926400000016
                  ],
                  [
                    20.223736,
                    39.67889000000014
                  ],
                  [
                    20.221851,
                    39.676403
                  ],
                  [
                    20.22199200000017,
                    39.675404000000185
                  ],
                  [
                    20.22274887499998,
                    39.674592272000154
                  ],
                  [
                    20.222343838000143,
                    39.67393886299999
                  ],
                  [
                    20.219106058000136,
                    39.66744776700011
                  ],
                  [
                    20.218427,
                    39.667105000000106
                  ],
                  [
                    20.21744900000016,
                    39.666611
                  ],
                  [
                    20.216517000000124,
                    39.66633500000012
                  ],
                  [
                    20.215309,
                    39.66597700000017
                  ],
                  [
                    20.214799,
                    39.665525000000116
                  ],
                  [
                    20.214472,
                    39.66523400000017
                  ],
                  [
                    20.214120901000058,
                    39.664800616000036
                  ],
                  [
                    20.205778123000016,
                    39.667049409000185
                  ],
                  [
                    20.194333974000017,
                    39.67455099200015
                  ],
                  [
                    20.19336298999997,
                    39.66763512300014
                  ],
                  [
                    20.19096374600008,
                    39.660030365000125
                  ],
                  [
                    20.188903809000067,
                    39.65350341900012
                  ],
                  [
                    20.182260395000185,
                    39.65099971500007
                  ],
                  [
                    20.170715000000143,
                    39.65069600100014
                  ],
                  [
                    20.165100001000155,
                    39.651917
                  ],
                  [
                    20.15574439000011,
                    39.65395205599998
                  ],
                  [
                    20.15054987000019,
                    39.65508197900016
                  ],
                  [
                    20.15051300000016,
                    39.65509
                  ],
                  [
                    20.143648,
                    39.655389
                  ],
                  [
                    20.136508632000186,
                    39.65569953700009
                  ],
                  [
                    20.136474999000143,
                    39.65570100100018
                  ],
                  [
                    20.127865792000023,
                    39.65704141100008
                  ],
                  [
                    20.126282,
                    39.657288000000165
                  ],
                  [
                    20.12147,
                    39.659480000000144
                  ],
                  [
                    20.119204382000135,
                    39.660511728000074
                  ],
                  [
                    20.115295409999987,
                    39.662292481000065
                  ],
                  [
                    20.10788790400011,
                    39.66715749100007
                  ],
                  [
                    20.100753356000098,
                    39.672150694000095
                  ],
                  [
                    20.099670000000174,
                    39.67291300000011
                  ],
                  [
                    20.089722,
                    39.67889400000013
                  ],
                  [
                    20.088176666000095,
                    39.67927007000014
                  ],
                  [
                    20.086899,
                    39.679581
                  ],
                  [
                    20.086855326000034,
                    39.679603986000075
                  ],
                  [
                    20.086766,
                    39.679651
                  ],
                  [
                    20.08657600000015,
                    39.679752
                  ],
                  [
                    20.086355,
                    39.67976000000016
                  ],
                  [
                    20.086188092000043,
                    39.67976307700019
                  ],
                  [
                    20.082808008000143,
                    39.68056899900006
                  ],
                  [
                    20.07812700000011,
                    39.681702
                  ],
                  [
                    20.067871,
                    39.686096
                  ],
                  [
                    20.054075,
                    39.69171100000011
                  ]
                ]
              ],
              [
                [
                  [
                    19.27203465200006,
                    40.513249565000194
                  ],
                  [
                    19.27601848600017,
                    40.5101462290001
                  ],
                  [
                    19.278042,
                    40.50524026100004
                  ],
                  [
                    19.28189131300013,
                    40.50241368800005
                  ],
                  [
                    19.286355852000156,
                    40.501406444
                  ],
                  [
                    19.29048776899998,
                    40.49963676900006
                  ],
                  [
                    19.292814912999972,
                    40.49513947800017
                  ],
                  [
                    19.292065586000092,
                    40.48746606900005
                  ],
                  [
                    19.288715549000074,
                    40.48144425200019
                  ],
                  [
                    19.288004682000178,
                    40.47496159100018
                  ],
                  [
                    19.280930125000054,
                    40.47443901800017
                  ],
                  [
                    19.277541970000073,
                    40.47985660600011
                  ],
                  [
                    19.275587524,
                    40.48476966700008
                  ],
                  [
                    19.272747211000137,
                    40.49046273700003
                  ],
                  [
                    19.266858786000057,
                    40.49574395200011
                  ],
                  [
                    19.264159659000143,
                    40.50216604500008
                  ],
                  [
                    19.26430709100009,
                    40.50742868200001
                  ],
                  [
                    19.266423667000026,
                    40.51278516700012
                  ],
                  [
                    19.27203465200006,
                    40.513249565000194
                  ]
                ]
              ],
              [
                [
                  [
                    19.574800166999978,
                    41.76507233300009
                  ],
                  [
                    19.581803999000044,
                    41.76723733400007
                  ],
                  [
                    19.587812230000054,
                    41.76694323100003
                  ],
                  [
                    19.590684839000176,
                    41.762691129000075
                  ],
                  [
                    19.586395625000023,
                    41.760088375
                  ],
                  [
                    19.579471642000044,
                    41.76044784000004
                  ],
                  [
                    19.574800166999978,
                    41.76507233300009
                  ]
                ]
              ],
              [
                [
                  [
                    19.60584525000013,
                    41.77673787500004
                  ],
                  [
                    19.603080574000046,
                    41.77319880900012
                  ],
                  [
                    19.60341529300007,
                    41.78274882800008
                  ],
                  [
                    19.608095477000063,
                    41.78075770800001
                  ],
                  [
                    19.60584525000013,
                    41.77673787500004
                  ]
                ]
              ]
            ]
          }
        ]
      }
    }
  ]
}