{
    "type": "FeatureCollection",
    "features": [
    {
        "type": "Feature",
        "properties": {
        "GID_2": "FRA.10.1_1",
                "GID_0": "FRA",
                "COUNTRY": "France",
                "GID_1": "FRA.10_1",
                "NAME_1": "Nouvelle-Aquitaine",
                "NL_NAME_1": "NA",
                "NAME_2": "Charente-Maritime",
                "VARNAME_2": "Charente-Inférieure",
                "NL_NAME_2": "NA",
                "TYPE_2": "Département",
                "ENGTYPE_2": "Department",
                "CC_2": "17",
                "HASC_2": "FR.CM",
                "dist_pole": 0.18896731364132793,
                "name": "Charente-Maritime",
                "riskMBV": false,
                "riskWNV": true,
                "risks": "w",
                "riskC": false,
                "riskD": false,
                "riskW": true,
                "riskY": false,
                "riskZ": false,
                "pointLng": -0.65107254,
                "pointLat": 45.7722114
    },
    "geometry": {
                "type": "GeometryCollection",
                "geometries": [
                    {
                        "type": "Point",
                        "coordinates": [
                    -0.65107254,
                    45.7722114
                ]
                    },
                    {
                        "type": "MultiPolygon",
                        "coordinates": [
                    [
                        [
                            [
                                -0.0141,
                                45.1599
                            ],
                            [
                                0.0004,
                                45.1584
                            ],
                            [
                                0.0029,
                                45.1522
                            ],
                            [
                                -0.0368,
                                45.1407
                            ],
                            [
                                -0.0296,
                                45.1279
                            ],
                            [
                                -0.0415,
                                45.1127
                            ],
                            [
                                -0.0402,
                                45.1024
                            ],
                            [
                                -0.0461,
                                45.0978
                            ],
                            [
                                -0.0537,
                                45.1011
                            ],
                            [
                                -0.0571,
                                45.099
                            ],
                            [
                                -0.0656,
                                45.1007
                            ],
                            [
                                -0.0876,
                                45.1216
                            ],
                            [
                                -0.1002,
                                45.1203
                            ],
                            [
                                -0.111,
                                45.1154
                            ],
                            [
                                -0.1435,
                                45.0903
                            ],
                            [
                                -0.1533,
                                45.0892
                            ],
                            [
                                -0.1619,
                                45.0925
                            ],
                            [
                                -0.1914,
                                45.0947
                            ],
                            [
                                -0.2097,
                                45.1002
                            ],
                            [
                                -0.2212,
                                45.1078
                            ],
                            [
                                -0.2457,
                                45.1082
                            ],
                            [
                                -0.2571,
                                45.1146
                            ],
                            [
                                -0.2696,
                                45.1332
                            ],
                            [
                                -0.2741,
                                45.1346
                            ],
                            [
                                -0.2754,
                                45.1414
                            ],
                            [
                                -0.3076,
                                45.1496
                            ],
                            [
                                -0.3136,
                                45.1376
                            ],
                            [
                                -0.3232,
                                45.1571
                            ],
                            [
                                -0.3386,
                                45.1662
                            ],
                            [
                                -0.3627,
                                45.1704
                            ],
                            [
                                -0.3784,
                                45.1569
                            ],
                            [
                                -0.3834,
                                45.1433
                            ],
                            [
                                -0.3995,
                                45.1794
                            ],
                            [
                                -0.4026,
                                45.1897
                            ],
                            [
                                -0.4174,
                                45.2039
                            ],
                            [
                                -0.4192,
                                45.2104
                            ],
                            [
                                -0.4059,
                                45.2421
                            ],
                            [
                                -0.4099,
                                45.248
                            ],
                            [
                                -0.424,
                                45.2486
                            ],
                            [
                                -0.4161,
                                45.2674
                            ],
                            [
                                -0.4186,
                                45.2736
                            ],
                            [
                                -0.4335,
                                45.2806
                            ],
                            [
                                -0.473,
                                45.2936
                            ],
                            [
                                -0.486,
                                45.2936
                            ],
                            [
                                -0.5134,
                                45.2864
                            ],
                            [
                                -0.5349,
                                45.2924
                            ],
                            [
                                -0.5487,
                                45.2931
                            ],
                            [
                                -0.5554,
                                45.2967
                            ],
                            [
                                -0.5677,
                                45.2974
                            ],
                            [
                                -0.5739,
                                45.3107
                            ],
                            [
                                -0.569,
                                45.3315
                            ],
                            [
                                -0.5855,
                                45.3429
                            ],
                            [
                                -0.594,
                                45.3316
                            ],
                            [
                                -0.5945,
                                45.3211
                            ],
                            [
                                -0.6076,
                                45.324
                            ],
                            [
                                -0.6336,
                                45.3184
                            ],
                            [
                                -0.642,
                                45.3151
                            ],
                            [
                                -0.6505,
                                45.3225
                            ],
                            [
                                -0.7174,
                                45.3285
                            ],
                            [
                                -0.7282,
                                45.3596
                            ],
                            [
                                -0.7471,
                                45.396
                            ],
                            [
                                -0.7621,
                                45.4149
                            ],
                            [
                                -0.7624,
                                45.4185
                            ],
                            [
                                -0.7654,
                                45.4193
                            ],
                            [
                                -0.7774,
                                45.436
                            ],
                            [
                                -0.8032,
                                45.4637
                            ],
                            [
                                -0.8157,
                                45.474
                            ],
                            [
                                -0.8299,
                                45.489
                            ],
                            [
                                -0.8546,
                                45.506
                            ],
                            [
                                -0.8588,
                                45.5104
                            ],
                            [
                                -0.8776,
                                45.5193
                            ],
                            [
                                -0.8785,
                                45.521
                            ],
                            [
                                -0.8771,
                                45.5221
                            ],
                            [
                                -0.8793,
                                45.5251
                            ],
                            [
                                -0.8915,
                                45.5304
                            ],
                            [
                                -0.896,
                                45.5276
                            ],
                            [
                                -0.9035,
                                45.5313
                            ],
                            [
                                -0.9046,
                                45.5324
                            ],
                            [
                                -0.9035,
                                45.5346
                            ],
                            [
                                -0.9068,
                                45.5332
                            ],
                            [
                                -0.9101,
                                45.5343
                            ],
                            [
                                -0.9101,
                                45.5357
                            ],
                            [
                                -0.9063,
                                45.5371
                            ],
                            [
                                -0.9065,
                                45.5393
                            ],
                            [
                                -0.916,
                                45.5504
                            ],
                            [
                                -0.9243,
                                45.5507
                            ],
                            [
                                -0.9254,
                                45.5537
                            ],
                            [
                                -0.9343,
                                45.5571
                            ],
                            [
                                -0.9421,
                                45.556
                            ],
                            [
                                -0.9449,
                                45.5513
                            ],
                            [
                                -0.956,
                                45.554
                            ],
                            [
                                -0.9635,
                                45.5568
                            ],
                            [
                                -0.9665,
                                45.561
                            ],
                            [
                                -0.9704,
                                45.5604
                            ],
                            [
                                -0.9732,
                                45.5638
                            ],
                            [
                                -0.9724,
                                45.5674
                            ],
                            [
                                -0.9746,
                                45.5674
                            ],
                            [
                                -0.9751,
                                45.5699
                            ],
                            [
                                -0.9829,
                                45.5707
                            ],
                            [
                                -0.9815,
                                45.5735
                            ],
                            [
                                -0.9832,
                                45.5762
                            ],
                            [
                                -0.9929,
                                45.5765
                            ],
                            [
                                -0.9935,
                                45.5788
                            ],
                            [
                                -0.9899,
                                45.581
                            ],
                            [
                                -0.9887,
                                45.5838
                            ],
                            [
                                -0.9887,
                                45.5882
                            ],
                            [
                                -0.9921,
                                45.596
                            ],
                            [
                                -0.9954,
                                45.5999
                            ],
                            [
                                -0.9987,
                                45.6007
                            ],
                            [
                                -1.0012,
                                45.5988
                            ],
                            [
                                -1.0068,
                                45.5993
                            ],
                            [
                                -1.0068,
                                45.5974
                            ],
                            [
                                -1.0126,
                                45.5993
                            ],
                            [
                                -1.0151,
                                45.6032
                            ],
                            [
                                -1.0087,
                                45.6068
                            ],
                            [
                                -1.0087,
                                45.609
                            ],
                            [
                                -1.0099,
                                45.6124
                            ],
                            [
                                -1.0179,
                                45.6204
                            ],
                            [
                                -1.0263,
                                45.6232
                            ],
                            [
                                -1.0249,
                                45.619
                            ],
                            [
                                -1.0301,
                                45.616
                            ],
                            [
                                -1.0324,
                                45.6168
                            ],
                            [
                                -1.0329,
                                45.619
                            ],
                            [
                                -1.0421,
                                45.6168
                            ],
                            [
                                -1.0435,
                                45.6176
                            ],
                            [
                                -1.0429,
                                45.6196
                            ],
                            [
                                -1.0496,
                                45.6199
                            ],
                            [
                                -1.0535,
                                45.6221
                            ],
                            [
                                -1.051,
                                45.6254
                            ],
                            [
                                -1.0521,
                                45.6265
                            ],
                            [
                                -1.0546,
                                45.6268
                            ],
                            [
                                -1.0574,
                                45.6243
                            ],
                            [
                                -1.0615,
                                45.626
                            ],
                            [
                                -1.0649,
                                45.6299
                            ],
                            [
                                -1.0693,
                                45.6307
                            ],
                            [
                                -1.0718,
                                45.6338
                            ],
                            [
                                -1.0774,
                                45.6343
                            ],
                            [
                                -1.0768,
                                45.6387
                            ],
                            [
                                -1.0824,
                                45.636
                            ],
                            [
                                -1.0879,
                                45.6379
                            ],
                            [
                                -1.0879,
                                45.6413
                            ],
                            [
                                -1.0907,
                                45.6387
                            ],
                            [
                                -1.0979,
                                45.6396
                            ],
                            [
                                -1.0982,
                                45.6426
                            ],
                            [
                                -1.1004,
                                45.6446
                            ],
                            [
                                -1.1151,
                                45.6457
                            ],
                            [
                                -1.1179,
                                45.6488
                            ],
                            [
                                -1.1243,
                                45.651
                            ],
                            [
                                -1.1246,
                                45.6535
                            ],
                            [
                                -1.1288,
                                45.6565
                            ],
                            [
                                -1.1365,
                                45.6599
                            ],
                            [
                                -1.1593,
                                45.6751
                            ],
                            [
                                -1.1621,
                                45.676
                            ],
                            [
                                -1.1671,
                                45.6746
                            ],
                            [
                                -1.1846,
                                45.6843
                            ],
                            [
                                -1.1924,
                                45.6862
                            ],
                            [
                                -1.196,
                                45.6918
                            ],
                            [
                                -1.2049,
                                45.6907
                            ],
                            [
                                -1.2018,
                                45.6926
                            ],
                            [
                                -1.2051,
                                45.6937
                            ],
                            [
                                -1.2074,
                                45.6918
                            ],
                            [
                                -1.2096,
                                45.6968
                            ],
                            [
                                -1.2146,
                                45.6971
                            ],
                            [
                                -1.2299,
                                45.6935
                            ],
                            [
                                -1.2299,
                                45.6907
                            ],
                            [
                                -1.2235,
                                45.6854
                            ],
                            [
                                -1.2229,
                                45.6813
                            ],
                            [
                                -1.2124,
                                45.6782
                            ],
                            [
                                -1.209,
                                45.6746
                            ],
                            [
                                -1.1965,
                                45.6763
                            ],
                            [
                                -1.1888,
                                45.6801
                            ],
                            [
                                -1.1796,
                                45.6793
                            ],
                            [
                                -1.1788,
                                45.676
                            ],
                            [
                                -1.1924,
                                45.6757
                            ],
                            [
                                -1.1982,
                                45.6724
                            ],
                            [
                                -1.2088,
                                45.6699
                            ],
                            [
                                -1.2271,
                                45.6718
                            ],
                            [
                                -1.234,
                                45.6874
                            ],
                            [
                                -1.2388,
                                45.7096
                            ],
                            [
                                -1.2404,
                                45.7615
                            ],
                            [
                                -1.2446,
                                45.7829
                            ],
                            [
                                -1.2404,
                                45.7863
                            ],
                            [
                                -1.2143,
                                45.7935
                            ],
                            [
                                -1.2021,
                                45.794
                            ],
                            [
                                -1.194,
                                45.7901
                            ],
                            [
                                -1.1882,
                                45.7901
                            ],
                            [
                                -1.1732,
                                45.7943
                            ],
                            [
                                -1.1651,
                                45.8004
                            ],
                            [
                                -1.1601,
                                45.8021
                            ],
                            [
                                -1.1551,
                                45.8024
                            ],
                            [
                                -1.1485,
                                45.8001
                            ],
                            [
                                -1.1482,
                                45.7979
                            ],
                            [
                                -1.1404,
                                45.7968
                            ],
                            [
                                -1.1379,
                                45.7938
                            ],
                            [
                                -1.1343,
                                45.7974
                            ],
                            [
                                -1.1385,
                                45.8121
                            ],
                            [
                                -1.1357,
                                45.8149
                            ],
                            [
                                -1.1365,
                                45.8185
                            ],
                            [
                                -1.1418,
                                45.8251
                            ],
                            [
                                -1.146,
                                45.8262
                            ],
                            [
                                -1.1496,
                                45.8304
                            ],
                            [
                                -1.1538,
                                45.8318
                            ],
                            [
                                -1.1521,
                                45.8346
                            ],
                            [
                                -1.1582,
                                45.8424
                            ],
                            [
                                -1.164,
                                45.8421
                            ],
                            [
                                -1.1685,
                                45.8449
                            ],
                            [
                                -1.169,
                                45.8493
                            ],
                            [
                                -1.1632,
                                45.8504
                            ],
                            [
                                -1.1704,
                                45.8554
                            ],
                            [
                                -1.1682,
                                45.8565
                            ],
                            [
                                -1.151,
                                45.8521
                            ],
                            [
                                -1.1499,
                                45.8543
                            ],
                            [
                                -1.1529,
                                45.8551
                            ],
                            [
                                -1.1568,
                                45.8604
                            ],
                            [
                                -1.1546,
                                45.8635
                            ],
                            [
                                -1.1501,
                                45.8613
                            ],
                            [
                                -1.1393,
                                45.8618
                            ],
                            [
                                -1.1351,
                                45.8593
                            ],
                            [
                                -1.1229,
                                45.8582
                            ],
                            [
                                -1.1193,
                                45.8607
                            ],
                            [
                                -1.1193,
                                45.8626
                            ],
                            [
                                -1.1154,
                                45.8668
                            ],
                            [
                                -1.1124,
                                45.8676
                            ],
                            [
                                -1.1129,
                                45.8693
                            ],
                            [
                                -1.1076,
                                45.8704
                            ],
                            [
                                -1.1035,
                                45.8749
                            ],
                            [
                                -1.1007,
                                45.8854
                            ],
                            [
                                -1.0963,
                                45.8871
                            ],
                            [
                                -1.0907,
                                45.8935
                            ],
                            [
                                -1.079,
                                45.9015
                            ],
                            [
                                -1.0729,
                                45.9162
                            ],
                            [
                                -1.0751,
                                45.9185
                            ],
                            [
                                -1.0743,
                                45.9207
                            ],
                            [
                                -1.076,
                                45.924
                            ],
                            [
                                -1.0743,
                                45.9257
                            ],
                            [
                                -1.0765,
                                45.9268
                            ],
                            [
                                -1.0771,
                                45.9362
                            ],
                            [
                                -1.0799,
                                45.9382
                            ],
                            [
                                -1.086,
                                45.9385
                            ],
                            [
                                -1.0971,
                                45.9421
                            ],
                            [
                                -1.1026,
                                45.946
                            ],
                            [
                                -1.099,
                                45.9463
                            ],
                            [
                                -1.0976,
                                45.9479
                            ],
                            [
                                -1.099,
                                45.949
                            ],
                            [
                                -1.0957,
                                45.951
                            ],
                            [
                                -1.0937,
                                45.949
                            ],
                            [
                                -1.0712,
                                45.9499
                            ],
                            [
                                -1.071,
                                45.9524
                            ],
                            [
                                -1.071,
                                45.9554
                            ],
                            [
                                -1.0804,
                                45.9599
                            ],
                            [
                                -1.0843,
                                45.9643
                            ],
                            [
                                -1.0832,
                                45.9696
                            ],
                            [
                                -1.0843,
                                45.9793
                            ],
                            [
                                -1.0915,
                                45.9813
                            ],
                            [
                                -1.0926,
                                45.9837
                            ],
                            [
                                -1.0971,
                                45.9837
                            ],
                            [
                                -1.0987,
                                45.9899
                            ],
                            [
                                -1.1021,
                                45.9907
                            ],
                            [
                                -1.1046,
                                45.9935
                            ],
                            [
                                -1.1076,
                                45.9935
                            ],
                            [
                                -1.1071,
                                45.9951
                            ],
                            [
                                -1.1096,
                                45.9985
                            ],
                            [
                                -1.114,
                                45.9987
                            ],
                            [
                                -1.1154,
                                46.0007
                            ],
                            [
                                -1.1174,
                                45.9996
                            ],
                            [
                                -1.1226,
                                46.0004
                            ],
                            [
                                -1.1229,
                                46.0026
                            ],
                            [
                                -1.1268,
                                46.0043
                            ],
                            [
                                -1.1185,
                                46.0051
                            ],
                            [
                                -1.1174,
                                46.0035
                            ],
                            [
                                -1.1101,
                                46.0018
                            ],
                            [
                                -1.104,
                                45.9968
                            ],
                            [
                                -1.099,
                                45.9974
                            ],
                            [
                                -1.0968,
                                45.9932
                            ],
                            [
                                -1.0912,
                                45.9926
                            ],
                            [
                                -1.0818,
                                45.9974
                            ],
                            [
                                -1.066,
                                45.9965
                            ],
                            [
                                -1.0607,
                                45.9943
                            ],
                            [
                                -1.0576,
                                45.996
                            ],
                            [
                                -1.0529,
                                46.0051
                            ],
                            [
                                -1.0526,
                                46.0112
                            ],
                            [
                                -1.0587,
                                46.0174
                            ],
                            [
                                -1.0618,
                                46.0257
                            ],
                            [
                                -1.0618,
                                46.0288
                            ],
                            [
                                -1.0574,
                                46.0301
                            ],
                            [
                                -1.056,
                                46.0335
                            ],
                            [
                                -1.0593,
                                46.0435
                            ],
                            [
                                -1.0657,
                                46.0493
                            ],
                            [
                                -1.0765,
                                46.0532
                            ],
                            [
                                -1.0901,
                                46.0535
                            ],
                            [
                                -1.091,
                                46.0601
                            ],
                            [
                                -1.0932,
                                46.0618
                            ],
                            [
                                -1.0957,
                                46.0612
                            ],
                            [
                                -1.0935,
                                46.0638
                            ],
                            [
                                -1.094,
                                46.0749
                            ],
                            [
                                -1.1004,
                                46.0938
                            ],
                            [
                                -1.1151,
                                46.1024
                            ],
                            [
                                -1.1301,
                                46.1018
                            ],
                            [
                                -1.136,
                                46.106
                            ],
                            [
                                -1.1412,
                                46.1037
                            ],
                            [
                                -1.1437,
                                46.1063
                            ],
                            [
                                -1.1449,
                                46.1087
                            ],
                            [
                                -1.141,
                                46.1107
                            ],
                            [
                                -1.1332,
                                46.1093
                            ],
                            [
                                -1.1246,
                                46.1121
                            ],
                            [
                                -1.1237,
                                46.1168
                            ],
                            [
                                -1.1274,
                                46.1263
                            ],
                            [
                                -1.1462,
                                46.1265
                            ],
                            [
                                -1.1504,
                                46.1296
                            ],
                            [
                                -1.149,
                                46.1324
                            ],
                            [
                                -1.1551,
                                46.1374
                            ],
                            [
                                -1.176,
                                46.1376
                            ],
                            [
                                -1.1718,
                                46.1401
                            ],
                            [
                                -1.1732,
                                46.1443
                            ],
                            [
                                -1.1718,
                                46.1468
                            ],
                            [
                                -1.1612,
                                46.1488
                            ],
                            [
                                -1.1601,
                                46.1524
                            ],
                            [
                                -1.1538,
                                46.1551
                            ],
                            [
                                -1.1676,
                                46.1546
                            ],
                            [
                                -1.1738,
                                46.1521
                            ],
                            [
                                -1.1788,
                                46.1526
                            ],
                            [
                                -1.2074,
                                46.1457
                            ],
                            [
                                -1.2107,
                                46.1476
                            ],
                            [
                                -1.2212,
                                46.1471
                            ],
                            [
                                -1.2251,
                                46.1496
                            ],
                            [
                                -1.2307,
                                46.1501
                            ],
                            [
                                -1.2304,
                                46.1526
                            ],
                            [
                                -1.2243,
                                46.1551
                            ],
                            [
                                -1.2257,
                                46.1576
                            ],
                            [
                                -1.2215,
                                46.1582
                            ],
                            [
                                -1.2243,
                                46.1596
                            ],
                            [
                                -1.2287,
                                46.1585
                            ],
                            [
                                -1.2304,
                                46.1604
                            ],
                            [
                                -1.2263,
                                46.1651
                            ],
                            [
                                -1.2368,
                                46.1654
                            ],
                            [
                                -1.2393,
                                46.1613
                            ],
                            [
                                -1.2388,
                                46.1593
                            ],
                            [
                                -1.2415,
                                46.1593
                            ],
                            [
                                -1.2412,
                                46.1632
                            ],
                            [
                                -1.2368,
                                46.1662
                            ],
                            [
                                -1.2235,
                                46.166
                            ],
                            [
                                -1.2207,
                                46.1679
                            ],
                            [
                                -1.2199,
                                46.1743
                            ],
                            [
                                -1.2226,
                                46.1757
                            ],
                            [
                                -1.2199,
                                46.1765
                            ],
                            [
                                -1.2162,
                                46.1824
                            ],
                            [
                                -1.2065,
                                46.1843
                            ],
                            [
                                -1.2029,
                                46.1879
                            ],
                            [
                                -1.1996,
                                46.194
                            ],
                            [
                                -1.1999,
                                46.1996
                            ],
                            [
                                -1.2062,
                                46.2021
                            ],
                            [
                                -1.2068,
                                46.204
                            ],
                            [
                                -1.2007,
                                46.2124
                            ],
                            [
                                -1.1885,
                                46.2171
                            ],
                            [
                                -1.1829,
                                46.2221
                            ],
                            [
                                -1.1729,
                                46.2229
                            ],
                            [
                                -1.169,
                                46.2271
                            ],
                            [
                                -1.1624,
                                46.2307
                            ],
                            [
                                -1.1585,
                                46.236
                            ],
                            [
                                -1.1496,
                                46.2379
                            ],
                            [
                                -1.1437,
                                46.244
                            ],
                            [
                                -1.1407,
                                46.2546
                            ],
                            [
                                -1.1343,
                                46.2551
                            ],
                            [
                                -1.1282,
                                46.261
                            ],
                            [
                                -1.1232,
                                46.2635
                            ],
                            [
                                -1.124,
                                46.2765
                            ],
                            [
                                -1.1326,
                                46.2962
                            ],
                            [
                                -1.1326,
                                46.301
                            ],
                            [
                                -1.1265,
                                46.3107
                            ],
                            [
                                -1.121,
                                46.3154
                            ],
                            [
                                -1.1221,
                                46.3226
                            ],
                            [
                                -1.1185,
                                46.3229
                            ],
                            [
                                -1.1179,
                                46.3185
                            ],
                            [
                                -1.116,
                                46.3162
                            ],
                            [
                                -1.1107,
                                46.316
                            ],
                            [
                                -1.1079,
                                46.3138
                            ],
                            [
                                -1.101,
                                46.3157
                            ],
                            [
                                -1.0985,
                                46.3118
                            ],
                            [
                                -1.0957,
                                46.311
                            ],
                            [
                                -1.0932,
                                46.3149
                            ],
                            [
                                -1.0781,
                                46.3193
                            ],
                            [
                                -1.0801,
                                46.3224
                            ],
                            [
                                -1.0733,
                                46.3269
                            ],
                            [
                                -1.0537,
                                46.3496
                            ],
                            [
                                -1.0507,
                                46.3433
                            ],
                            [
                                -1.0176,
                                46.353
                            ],
                            [
                                -0.9783,
                                46.3512
                            ],
                            [
                                -0.9737,
                                46.3527
                            ],
                            [
                                -0.9645,
                                46.3654
                            ],
                            [
                                -0.9515,
                                46.3611
                            ],
                            [
                                -0.9273,
                                46.3709
                            ],
                            [
                                -0.9342,
                                46.3601
                            ],
                            [
                                -0.9416,
                                46.3401
                            ],
                            [
                                -0.9587,
                                46.3233
                            ],
                            [
                                -0.9339,
                                46.3126
                            ],
                            [
                                -0.915,
                                46.3155
                            ],
                            [
                                -0.9121,
                                46.3127
                            ],
                            [
                                -0.8954,
                                46.3168
                            ],
                            [
                                -0.8868,
                                46.3267
                            ],
                            [
                                -0.8703,
                                46.3225
                            ],
                            [
                                -0.8647,
                                46.3274
                            ],
                            [
                                -0.8608,
                                46.3255
                            ],
                            [
                                -0.863,
                                46.3191
                            ],
                            [
                                -0.849,
                                46.3183
                            ],
                            [
                                -0.8449,
                                46.3246
                            ],
                            [
                                -0.8486,
                                46.331
                            ],
                            [
                                -0.8407,
                                46.3397
                            ],
                            [
                                -0.8315,
                                46.3419
                            ],
                            [
                                -0.8254,
                                46.3364
                            ],
                            [
                                -0.7989,
                                46.3418
                            ],
                            [
                                -0.7977,
                                46.3385
                            ],
                            [
                                -0.8071,
                                46.3314
                            ],
                            [
                                -0.8028,
                                46.3253
                            ],
                            [
                                -0.7758,
                                46.3185
                            ],
                            [
                                -0.7698,
                                46.313
                            ],
                            [
                                -0.7599,
                                46.3122
                            ],
                            [
                                -0.7505,
                                46.3043
                            ],
                            [
                                -0.7547,
                                46.299
                            ],
                            [
                                -0.7452,
                                46.2796
                            ],
                            [
                                -0.736,
                                46.2678
                            ],
                            [
                                -0.754,
                                46.2517
                            ],
                            [
                                -0.7515,
                                46.2451
                            ],
                            [
                                -0.6909,
                                46.2193
                            ],
                            [
                                -0.6863,
                                46.2137
                            ],
                            [
                                -0.6824,
                                46.1977
                            ],
                            [
                                -0.6856,
                                46.1952
                            ],
                            [
                                -0.6951,
                                46.196
                            ],
                            [
                                -0.6965,
                                46.1927
                            ],
                            [
                                -0.6919,
                                46.1915
                            ],
                            [
                                -0.6885,
                                46.1822
                            ],
                            [
                                -0.6692,
                                46.1834
                            ],
                            [
                                -0.6554,
                                46.17
                            ],
                            [
                                -0.6436,
                                46.165
                            ],
                            [
                                -0.6346,
                                46.1657
                            ],
                            [
                                -0.6228,
                                46.1609
                            ],
                            [
                                -0.613,
                                46.1615
                            ],
                            [
                                -0.6026,
                                46.1556
                            ],
                            [
                                -0.6297,
                                46.1513
                            ],
                            [
                                -0.6323,
                                46.1485
                            ],
                            [
                                -0.6282,
                                46.1436
                            ],
                            [
                                -0.6159,
                                46.1385
                            ],
                            [
                                -0.6023,
                                46.1426
                            ],
                            [
                                -0.5831,
                                46.1396
                            ],
                            [
                                -0.5793,
                                46.1483
                            ],
                            [
                                -0.5663,
                                46.1433
                            ],
                            [
                                -0.5469,
                                46.1439
                            ],
                            [
                                -0.5333,
                                46.1397
                            ],
                            [
                                -0.5268,
                                46.1356
                            ],
                            [
                                -0.525,
                                46.1292
                            ],
                            [
                                -0.5111,
                                46.1282
                            ],
                            [
                                -0.5183,
                                46.1243
                            ],
                            [
                                -0.51,
                                46.1169
                            ],
                            [
                                -0.5164,
                                46.1125
                            ],
                            [
                                -0.5036,
                                46.1073
                            ],
                            [
                                -0.4503,
                                46.1021
                            ],
                            [
                                -0.4404,
                                46.0946
                            ],
                            [
                                -0.4393,
                                46.1036
                            ],
                            [
                                -0.4212,
                                46.1133
                            ],
                            [
                                -0.4214,
                                46.0933
                            ],
                            [
                                -0.4015,
                                46.0842
                            ],
                            [
                                -0.3864,
                                46.0969
                            ],
                            [
                                -0.3735,
                                46.0941
                            ],
                            [
                                -0.3619,
                                46.0842
                            ],
                            [
                                -0.3627,
                                46.0756
                            ],
                            [
                                -0.3315,
                                46.0825
                            ],
                            [
                                -0.3031,
                                46.0788
                            ],
                            [
                                -0.2933,
                                46.0866
                            ],
                            [
                                -0.28,
                                46.0769
                            ],
                            [
                                -0.273,
                                46.0573
                            ],
                            [
                                -0.233,
                                46.0485
                            ],
                            [
                                -0.2107,
                                46.0454
                            ],
                            [
                                -0.1939,
                                46.0512
                            ],
                            [
                                -0.1954,
                                46.0447
                            ],
                            [
                                -0.191,
                                46.0436
                            ],
                            [
                                -0.1891,
                                46.0261
                            ],
                            [
                                -0.1645,
                                46.0358
                            ],
                            [
                                -0.1679,
                                46.0235
                            ],
                            [
                                -0.163,
                                46.019
                            ],
                            [
                                -0.1642,
                                46.0128
                            ],
                            [
                                -0.1585,
                                46.005
                            ],
                            [
                                -0.1448,
                                46.0047
                            ],
                            [
                                -0.1368,
                                45.9892
                            ],
                            [
                                -0.1326,
                                45.9876
                            ],
                            [
                                -0.1356,
                                45.9785
                            ],
                            [
                                -0.1173,
                                45.9775
                            ],
                            [
                                -0.1029,
                                45.9697
                            ],
                            [
                                -0.104,
                                45.96
                            ],
                            [
                                -0.0948,
                                45.9603
                            ],
                            [
                                -0.091,
                                45.9511
                            ],
                            [
                                -0.0864,
                                45.9507
                            ],
                            [
                                -0.0966,
                                45.9371
                            ],
                            [
                                -0.0958,
                                45.9309
                            ],
                            [
                                -0.1048,
                                45.927
                            ],
                            [
                                -0.1137,
                                45.9292
                            ],
                            [
                                -0.1278,
                                45.9267
                            ],
                            [
                                -0.1405,
                                45.9315
                            ],
                            [
                                -0.1511,
                                45.9266
                            ],
                            [
                                -0.1462,
                                45.9153
                            ],
                            [
                                -0.134,
                                45.9113
                            ],
                            [
                                -0.1398,
                                45.9031
                            ],
                            [
                                -0.1475,
                                45.9008
                            ],
                            [
                                -0.1441,
                                45.8917
                            ],
                            [
                                -0.131,
                                45.891
                            ],
                            [
                                -0.1299,
                                45.878
                            ],
                            [
                                -0.1242,
                                45.873
                            ],
                            [
                                -0.1147,
                                45.8724
                            ],
                            [
                                -0.1129,
                                45.8693
                            ],
                            [
                                -0.1233,
                                45.8579
                            ],
                            [
                                -0.1217,
                                45.8511
                            ],
                            [
                                -0.1251,
                                45.8486
                            ],
                            [
                                -0.1385,
                                45.8456
                            ],
                            [
                                -0.1459,
                                45.8372
                            ],
                            [
                                -0.141,
                                45.837
                            ],
                            [
                                -0.1361,
                                45.8206
                            ],
                            [
                                -0.1518,
                                45.7992
                            ],
                            [
                                -0.1483,
                                45.7891
                            ],
                            [
                                -0.1561,
                                45.7795
                            ],
                            [
                                -0.1624,
                                45.7834
                            ],
                            [
                                -0.1577,
                                45.789
                            ],
                            [
                                -0.1616,
                                45.7908
                            ],
                            [
                                -0.1799,
                                45.7887
                            ],
                            [
                                -0.1833,
                                45.7908
                            ],
                            [
                                -0.1921,
                                45.7884
                            ],
                            [
                                -0.2033,
                                45.778
                            ],
                            [
                                -0.2211,
                                45.7752
                            ],
                            [
                                -0.2311,
                                45.7864
                            ],
                            [
                                -0.2333,
                                45.7925
                            ],
                            [
                                -0.2411,
                                45.7947
                            ],
                            [
                                -0.2397,
                                45.8036
                            ],
                            [
                                -0.248,
                                45.8055
                            ],
                            [
                                -0.275,
                                45.8063
                            ],
                            [
                                -0.2784,
                                45.8041
                            ],
                            [
                                -0.2918,
                                45.8057
                            ],
                            [
                                -0.2992,
                                45.8021
                            ],
                            [
                                -0.2978,
                                45.7954
                            ],
                            [
                                -0.3122,
                                45.7863
                            ],
                            [
                                -0.3198,
                                45.7848
                            ],
                            [
                                -0.3391,
                                45.7869
                            ],
                            [
                                -0.3658,
                                45.7798
                            ],
                            [
                                -0.402,
                                45.7865
                            ],
                            [
                                -0.4046,
                                45.7704
                            ],
                            [
                                -0.4181,
                                45.769
                            ],
                            [
                                -0.4258,
                                45.7649
                            ],
                            [
                                -0.4493,
                                45.766
                            ],
                            [
                                -0.4632,
                                45.7519
                            ],
                            [
                                -0.46,
                                45.7393
                            ],
                            [
                                -0.4158,
                                45.7417
                            ],
                            [
                                -0.4034,
                                45.7361
                            ],
                            [
                                -0.4043,
                                45.7327
                            ],
                            [
                                -0.4192,
                                45.7238
                            ],
                            [
                                -0.4204,
                                45.71
                            ],
                            [
                                -0.4154,
                                45.6976
                            ],
                            [
                                -0.4229,
                                45.6856
                            ],
                            [
                                -0.4105,
                                45.6834
                            ],
                            [
                                -0.3821,
                                45.6589
                            ],
                            [
                                -0.3824,
                                45.6554
                            ],
                            [
                                -0.3958,
                                45.6526
                            ],
                            [
                                -0.4089,
                                45.6562
                            ],
                            [
                                -0.4319,
                                45.6245
                            ],
                            [
                                -0.4151,
                                45.6171
                            ],
                            [
                                -0.4057,
                                45.6193
                            ],
                            [
                                -0.3874,
                                45.6267
                            ],
                            [
                                -0.3805,
                                45.6193
                            ],
                            [
                                -0.3763,
                                45.6094
                            ],
                            [
                                -0.3587,
                                45.5977
                            ],
                            [
                                -0.3457,
                                45.595
                            ],
                            [
                                -0.3409,
                                45.5867
                            ],
                            [
                                -0.3316,
                                45.5874
                            ],
                            [
                                -0.2966,
                                45.5645
                            ],
                            [
                                -0.3127,
                                45.544
                            ],
                            [
                                -0.3214,
                                45.542
                            ],
                            [
                                -0.3216,
                                45.535
                            ],
                            [
                                -0.3032,
                                45.5284
                            ],
                            [
                                -0.289,
                                45.5294
                            ],
                            [
                                -0.281,
                                45.5257
                            ],
                            [
                                -0.2839,
                                45.5194
                            ],
                            [
                                -0.2662,
                                45.5251
                            ],
                            [
                                -0.2547,
                                45.5194
                            ],
                            [
                                -0.2655,
                                45.5091
                            ],
                            [
                                -0.2542,
                                45.5028
                            ],
                            [
                                -0.2446,
                                45.5031
                            ],
                            [
                                -0.2445,
                                45.4965
                            ],
                            [
                                -0.2405,
                                45.4945
                            ],
                            [
                                -0.2425,
                                45.4902
                            ],
                            [
                                -0.2514,
                                45.4915
                            ],
                            [
                                -0.2671,
                                45.4715
                            ],
                            [
                                -0.2809,
                                45.4742
                            ],
                            [
                                -0.2862,
                                45.4564
                            ],
                            [
                                -0.2771,
                                45.4588
                            ],
                            [
                                -0.2683,
                                45.4559
                            ],
                            [
                                -0.2659,
                                45.4493
                            ],
                            [
                                -0.2546,
                                45.443
                            ],
                            [
                                -0.2544,
                                45.4405
                            ],
                            [
                                -0.2483,
                                45.4351
                            ],
                            [
                                -0.2522,
                                45.4288
                            ],
                            [
                                -0.2512,
                                45.4188
                            ],
                            [
                                -0.2367,
                                45.4186
                            ],
                            [
                                -0.2341,
                                45.4092
                            ],
                            [
                                -0.2488,
                                45.4089
                            ],
                            [
                                -0.2514,
                                45.4022
                            ],
                            [
                                -0.2749,
                                45.3991
                            ],
                            [
                                -0.2785,
                                45.3928
                            ],
                            [
                                -0.2863,
                                45.3887
                            ],
                            [
                                -0.3008,
                                45.3888
                            ],
                            [
                                -0.3024,
                                45.3863
                            ],
                            [
                                -0.3102,
                                45.3868
                            ],
                            [
                                -0.3106,
                                45.3766
                            ],
                            [
                                -0.3043,
                                45.3719
                            ],
                            [
                                -0.2952,
                                45.3709
                            ],
                            [
                                -0.2905,
                                45.3662
                            ],
                            [
                                -0.2818,
                                45.3642
                            ],
                            [
                                -0.2796,
                                45.3548
                            ],
                            [
                                -0.2711,
                                45.3578
                            ],
                            [
                                -0.2468,
                                45.3577
                            ],
                            [
                                -0.2462,
                                45.3476
                            ],
                            [
                                -0.2507,
                                45.3419
                            ],
                            [
                                -0.264,
                                45.3396
                            ],
                            [
                                -0.278,
                                45.348
                            ],
                            [
                                -0.2827,
                                45.3389
                            ],
                            [
                                -0.2792,
                                45.3357
                            ],
                            [
                                -0.2906,
                                45.3267
                            ],
                            [
                                -0.2844,
                                45.3221
                            ],
                            [
                                -0.2832,
                                45.3083
                            ],
                            [
                                -0.2575,
                                45.2988
                            ],
                            [
                                -0.2568,
                                45.3088
                            ],
                            [
                                -0.2401,
                                45.3146
                            ],
                            [
                                -0.2304,
                                45.3149
                            ],
                            [
                                -0.2287,
                                45.3217
                            ],
                            [
                                -0.2016,
                                45.3111
                            ],
                            [
                                -0.1962,
                                45.3058
                            ],
                            [
                                -0.1783,
                                45.3083
                            ],
                            [
                                -0.1617,
                                45.3067
                            ],
                            [
                                -0.1476,
                                45.2994
                            ],
                            [
                                -0.1453,
                                45.2881
                            ],
                            [
                                -0.1302,
                                45.2945
                            ],
                            [
                                -0.1088,
                                45.2897
                            ],
                            [
                                -0.1127,
                                45.2541
                            ],
                            [
                                -0.1154,
                                45.2481
                            ],
                            [
                                -0.077,
                                45.2456
                            ],
                            [
                                -0.0497,
                                45.2488
                            ],
                            [
                                -0.0443,
                                45.248
                            ],
                            [
                                -0.04,
                                45.2465
                            ],
                            [
                                -0.0327,
                                45.2344
                            ],
                            [
                                -0.0153,
                                45.2288
                            ],
                            [
                                0.0037,
                                45.2284
                            ],
                            [
                                0.0059,
                                45.2219
                            ],
                            [
                                -0.0018,
                                45.2054
                            ],
                            [
                                -0.0021,
                                45.1949
                            ],
                            [
                                0.0043,
                                45.1916
                            ],
                            [
                                0.0017,
                                45.1834
                            ],
                            [
                                -0.0191,
                                45.1652
                            ],
                            [
                                -0.0141,
                                45.1599
                            ]
                        ]
                    ],
                    [
                        [
                            [
                                -1.2062,
                                45.8482
                            ],
                            [
                                -1.2029,
                                45.846
                            ],
                            [
                                -1.2015,
                                45.8376
                            ],
                            [
                                -1.1968,
                                45.8321
                            ],
                            [
                                -1.1957,
                                45.8282
                            ],
                            [
                                -1.2026,
                                45.826
                            ],
                            [
                                -1.216,
                                45.8149
                            ],
                            [
                                -1.2165,
                                45.8129
                            ],
                            [
                                -1.224,
                                45.8104
                            ],
                            [
                                -1.2279,
                                45.8063
                            ],
                            [
                                -1.2257,
                                45.8043
                            ],
                            [
                                -1.2263,
                                45.8029
                            ],
                            [
                                -1.2324,
                                45.8001
                            ],
                            [
                                -1.2382,
                                45.8018
                            ],
                            [
                                -1.2446,
                                45.8096
                            ],
                            [
                                -1.2479,
                                45.8282
                            ],
                            [
                                -1.2504,
                                45.8332
                            ],
                            [
                                -1.2493,
                                45.8349
                            ],
                            [
                                -1.2565,
                                45.8593
                            ],
                            [
                                -1.2618,
                                45.8682
                            ],
                            [
                                -1.2615,
                                45.8707
                            ],
                            [
                                -1.2687,
                                45.8804
                            ],
                            [
                                -1.2704,
                                45.8818
                            ],
                            [
                                -1.2724,
                                45.8807
                            ],
                            [
                                -1.2779,
                                45.8849
                            ],
                            [
                                -1.2799,
                                45.8846
                            ],
                            [
                                -1.2818,
                                45.8893
                            ],
                            [
                                -1.2929,
                                45.9001
                            ],
                            [
                                -1.2965,
                                45.9007
                            ],
                            [
                                -1.2974,
                                45.8985
                            ],
                            [
                                -1.3037,
                                45.8985
                            ],
                            [
                                -1.3101,
                                45.9035
                            ],
                            [
                                -1.3163,
                                45.906
                            ],
                            [
                                -1.3174,
                                45.9104
                            ],
                            [
                                -1.3226,
                                45.9104
                            ],
                            [
                                -1.3446,
                                45.919
                            ],
                            [
                                -1.3451,
                                45.9218
                            ],
                            [
                                -1.3535,
                                45.9249
                            ],
                            [
                                -1.3579,
                                45.9301
                            ],
                            [
                                -1.3599,
                                45.9304
                            ],
                            [
                                -1.3601,
                                45.9324
                            ],
                            [
                                -1.3679,
                                45.9371
                            ],
                            [
                                -1.3693,
                                45.9401
                            ],
                            [
                                -1.3757,
                                45.9432
                            ],
                            [
                                -1.376,
                                45.9457
                            ],
                            [
                                -1.3796,
                                45.9454
                            ],
                            [
                                -1.3785,
                                45.9482
                            ],
                            [
                                -1.3854,
                                45.9474
                            ],
                            [
                                -1.3824,
                                45.9496
                            ],
                            [
                                -1.3887,
                                45.954
                            ],
                            [
                                -1.3868,
                                45.9643
                            ],
                            [
                                -1.3891,
                                45.9676
                            ],
                            [
                                -1.3899,
                                45.9663
                            ],
                            [
                                -1.3915,
                                45.9668
                            ],
                            [
                                -1.3929,
                                45.9699
                            ],
                            [
                                -1.3913,
                                45.9707
                            ],
                            [
                                -1.3913,
                                45.9732
                            ],
                            [
                                -1.3971,
                                45.9776
                            ],
                            [
                                -1.3937,
                                45.981
                            ],
                            [
                                -1.3951,
                                45.9832
                            ],
                            [
                                -1.3924,
                                45.9829
                            ],
                            [
                                -1.389,
                                45.9885
                            ],
                            [
                                -1.3874,
                                45.9946
                            ],
                            [
                                -1.3879,
                                45.9999
                            ],
                            [
                                -1.3901,
                                46.0038
                            ],
                            [
                                -1.3921,
                                46.004
                            ],
                            [
                                -1.3976,
                                46.0143
                            ],
                            [
                                -1.4018,
                                46.0146
                            ],
                            [
                                -1.4035,
                                46.024
                            ],
                            [
                                -1.4074,
                                46.0279
                            ],
                            [
                                -1.4071,
                                46.031
                            ],
                            [
                                -1.4093,
                                46.0337
                            ],
                            [
                                -1.4104,
                                46.0393
                            ],
                            [
                                -1.4129,
                                46.041
                            ],
                            [
                                -1.4121,
                                46.0446
                            ],
                            [
                                -1.4146,
                                46.0457
                            ],
                            [
                                -1.414,
                                46.049
                            ],
                            [
                                -1.4029,
                                46.049
                            ],
                            [
                                -1.4037,
                                46.0476
                            ],
                            [
                                -1.4021,
                                46.0468
                            ],
                            [
                                -1.3901,
                                46.0438
                            ],
                            [
                                -1.3893,
                                46.0424
                            ],
                            [
                                -1.3679,
                                46.0385
                            ],
                            [
                                -1.3671,
                                46.0346
                            ],
                            [
                                -1.371,
                                46.034
                            ],
                            [
                                -1.3707,
                                46.031
                            ],
                            [
                                -1.3682,
                                46.0285
                            ],
                            [
                                -1.3618,
                                46.0254
                            ],
                            [
                                -1.3565,
                                46.0254
                            ],
                            [
                                -1.354,
                                46.0215
                            ],
                            [
                                -1.3449,
                                46.0163
                            ],
                            [
                                -1.3349,
                                46.0146
                            ],
                            [
                                -1.3335,
                                46.0107
                            ],
                            [
                                -1.3274,
                                46.0079
                            ],
                            [
                                -1.3268,
                                46.0049
                            ],
                            [
                                -1.3199,
                                46.0018
                            ],
                            [
                                -1.3215,
                                45.9993
                            ],
                            [
                                -1.321,
                                45.9971
                            ],
                            [
                                -1.3157,
                                45.9938
                            ],
                            [
                                -1.3054,
                                45.9901
                            ],
                            [
                                -1.2885,
                                45.9885
                            ],
                            [
                                -1.2879,
                                45.9874
                            ],
                            [
                                -1.249,
                                45.9907
                            ],
                            [
                                -1.2365,
                                45.9854
                            ],
                            [
                                -1.2343,
                                45.9799
                            ],
                            [
                                -1.2374,
                                45.9732
                            ],
                            [
                                -1.2351,
                                45.9718
                            ],
                            [
                                -1.2329,
                                45.9649
                            ],
                            [
                                -1.2349,
                                45.961
                            ],
                            [
                                -1.2368,
                                45.9613
                            ],
                            [
                                -1.236,
                                45.9646
                            ],
                            [
                                -1.239,
                                45.9635
                            ],
                            [
                                -1.2424,
                                45.9565
                            ],
                            [
                                -1.2388,
                                45.9507
                            ],
                            [
                                -1.2265,
                                45.9412
                            ],
                            [
                                -1.2257,
                                45.9365
                            ],
                            [
                                -1.2287,
                                45.9362
                            ],
                            [
                                -1.2293,
                                45.9343
                            ],
                            [
                                -1.226,
                                45.9332
                            ],
                            [
                                -1.226,
                                45.9318
                            ],
                            [
                                -1.2293,
                                45.931
                            ],
                            [
                                -1.2315,
                                45.9249
                            ],
                            [
                                -1.2282,
                                45.9246
                            ],
                            [
                                -1.2279,
                                45.9185
                            ],
                            [
                                -1.2251,
                                45.9168
                            ],
                            [
                                -1.2229,
                                45.9121
                            ],
                            [
                                -1.2207,
                                45.9121
                            ],
                            [
                                -1.2165,
                                45.9074
                            ],
                            [
                                -1.2135,
                                45.9074
                            ],
                            [
                                -1.2079,
                                45.9026
                            ],
                            [
                                -1.2026,
                                45.9007
                            ],
                            [
                                -1.1971,
                                45.9065
                            ],
                            [
                                -1.194,
                                45.9065
                            ],
                            [
                                -1.194,
                                45.9049
                            ],
                            [
                                -1.1962,
                                45.9049
                            ],
                            [
                                -1.201,
                                45.901
                            ],
                            [
                                -1.2015,
                                45.8957
                            ],
                            [
                                -1.1876,
                                45.886
                            ],
                            [
                                -1.1885,
                                45.8821
                            ],
                            [
                                -1.1915,
                                45.8818
                            ],
                            [
                                -1.1929,
                                45.8799
                            ],
                            [
                                -1.1926,
                                45.871
                            ],
                            [
                                -1.1971,
                                45.8701
                            ],
                            [
                                -1.1954,
                                45.8674
                            ],
                            [
                                -1.1965,
                                45.8657
                            ],
                            [
                                -1.1937,
                                45.8613
                            ],
                            [
                                -1.1988,
                                45.8618
                            ],
                            [
                                -1.199,
                                45.8593
                            ],
                            [
                                -1.2007,
                                45.8601
                            ],
                            [
                                -1.2049,
                                45.8579
                            ],
                            [
                                -1.2021,
                                45.8551
                            ],
                            [
                                -1.2065,
                                45.851
                            ],
                            [
                                -1.2062,
                                45.8482
                            ]
                        ]
                    ],
                    [
                        [
                            [
                                -1.1646,
                                45.8421
                            ],
                            [
                                -1.1643,
                                45.8399
                            ],
                            [
                                -1.1687,
                                45.8413
                            ],
                            [
                                -1.1679,
                                45.8435
                            ],
                            [
                                -1.1646,
                                45.8421
                            ]
                        ]
                    ],
                    [
                        [
                            [
                                -1.1104,
                                45.9618
                            ],
                            [
                                -1.1049,
                                45.954
                            ],
                            [
                                -1.1015,
                                45.9538
                            ],
                            [
                                -1.0962,
                                45.9512
                            ],
                            [
                                -1.1079,
                                45.9538
                            ],
                            [
                                -1.1129,
                                45.951
                            ],
                            [
                                -1.1174,
                                45.9515
                            ],
                            [
                                -1.119,
                                45.9535
                            ],
                            [
                                -1.1179,
                                45.9551
                            ],
                            [
                                -1.1224,
                                45.9618
                            ],
                            [
                                -1.1132,
                                45.9632
                            ],
                            [
                                -1.1104,
                                45.9618
                            ]
                        ]
                    ],
                    [
                        [
                            [
                                -1.1329,
                                45.9671
                            ],
                            [
                                -1.1257,
                                45.964
                            ],
                            [
                                -1.1249,
                                45.9629
                            ],
                            [
                                -1.1357,
                                45.9649
                            ],
                            [
                                -1.1368,
                                45.966
                            ],
                            [
                                -1.1338,
                                45.9663
                            ],
                            [
                                -1.1387,
                                45.9685
                            ],
                            [
                                -1.1329,
                                45.9671
                            ]
                        ]
                    ],
                    [
                        [
                            [
                                -1.1637,
                                46.0246
                            ],
                            [
                                -1.1576,
                                46.0224
                            ],
                            [
                                -1.1535,
                                46.0182
                            ],
                            [
                                -1.1607,
                                46.0174
                            ],
                            [
                                -1.1688,
                                46.0193
                            ],
                            [
                                -1.1718,
                                46.016
                            ],
                            [
                                -1.1688,
                                46.0151
                            ],
                            [
                                -1.169,
                                46.0135
                            ],
                            [
                                -1.174,
                                46.0101
                            ],
                            [
                                -1.1749,
                                46.0074
                            ],
                            [
                                -1.1782,
                                46.0076
                            ],
                            [
                                -1.1793,
                                46.0088
                            ],
                            [
                                -1.1782,
                                46.011
                            ],
                            [
                                -1.1801,
                                46.0124
                            ],
                            [
                                -1.1782,
                                46.0135
                            ],
                            [
                                -1.1771,
                                46.0185
                            ],
                            [
                                -1.1785,
                                46.0213
                            ],
                            [
                                -1.1804,
                                46.0213
                            ],
                            [
                                -1.1782,
                                46.0229
                            ],
                            [
                                -1.1796,
                                46.0249
                            ],
                            [
                                -1.1704,
                                46.0246
                            ],
                            [
                                -1.1671,
                                46.026
                            ],
                            [
                                -1.1637,
                                46.0246
                            ]
                        ]
                    ],
                    [
                        [
                            [
                                -1.2871,
                                46.1457
                            ],
                            [
                                -1.2893,
                                46.144
                            ],
                            [
                                -1.2921,
                                46.1449
                            ],
                            [
                                -1.2962,
                                46.1432
                            ],
                            [
                                -1.301,
                                46.144
                            ],
                            [
                                -1.3043,
                                46.1424
                            ],
                            [
                                -1.3082,
                                46.1426
                            ],
                            [
                                -1.309,
                                46.141
                            ],
                            [
                                -1.3168,
                                46.1451
                            ],
                            [
                                -1.324,
                                46.1435
                            ],
                            [
                                -1.3235,
                                46.1451
                            ],
                            [
                                -1.3307,
                                46.1499
                            ],
                            [
                                -1.3412,
                                46.1507
                            ],
                            [
                                -1.3482,
                                46.1543
                            ],
                            [
                                -1.3532,
                                46.154
                            ],
                            [
                                -1.3704,
                                46.1671
                            ],
                            [
                                -1.3926,
                                46.1774
                            ],
                            [
                                -1.4085,
                                46.1818
                            ],
                            [
                                -1.4204,
                                46.1879
                            ],
                            [
                                -1.4312,
                                46.1901
                            ],
                            [
                                -1.4618,
                                46.2024
                            ],
                            [
                                -1.4729,
                                46.2032
                            ],
                            [
                                -1.4849,
                                46.2007
                            ],
                            [
                                -1.5026,
                                46.1926
                            ],
                            [
                                -1.5054,
                                46.1926
                            ],
                            [
                                -1.5135,
                                46.1985
                            ],
                            [
                                -1.5201,
                                46.2004
                            ],
                            [
                                -1.526,
                                46.2012
                            ],
                            [
                                -1.5287,
                                46.1999
                            ],
                            [
                                -1.529,
                                46.2015
                            ],
                            [
                                -1.536,
                                46.2012
                            ],
                            [
                                -1.5393,
                                46.211
                            ],
                            [
                                -1.5435,
                                46.2126
                            ],
                            [
                                -1.5426,
                                46.2188
                            ],
                            [
                                -1.5518,
                                46.229
                            ],
                            [
                                -1.5562,
                                46.2315
                            ],
                            [
                                -1.5596,
                                46.2313
                            ],
                            [
                                -1.5632,
                                46.2435
                            ],
                            [
                                -1.5624,
                                46.2451
                            ],
                            [
                                -1.5562,
                                46.2465
                            ],
                            [
                                -1.5526,
                                46.2457
                            ],
                            [
                                -1.5507,
                                46.2435
                            ],
                            [
                                -1.5376,
                                46.2443
                            ],
                            [
                                -1.5224,
                                46.2521
                            ],
                            [
                                -1.5196,
                                46.2543
                            ],
                            [
                                -1.5196,
                                46.2562
                            ],
                            [
                                -1.5149,
                                46.2574
                            ],
                            [
                                -1.5135,
                                46.2596
                            ],
                            [
                                -1.5079,
                                46.2579
                            ],
                            [
                                -1.5007,
                                46.2588
                            ],
                            [
                                -1.4885,
                                46.2538
                            ],
                            [
                                -1.4865,
                                46.2493
                            ],
                            [
                                -1.4813,
                                46.2482
                            ],
                            [
                                -1.481,
                                46.2404
                            ],
                            [
                                -1.4754,
                                46.2374
                            ],
                            [
                                -1.4746,
                                46.2318
                            ],
                            [
                                -1.481,
                                46.2282
                            ],
                            [
                                -1.4871,
                                46.2276
                            ],
                            [
                                -1.4926,
                                46.229
                            ],
                            [
                                -1.4951,
                                46.2329
                            ],
                            [
                                -1.4996,
                                46.234
                            ],
                            [
                                -1.4926,
                                46.2285
                            ],
                            [
                                -1.4937,
                                46.2249
                            ],
                            [
                                -1.4962,
                                46.2257
                            ],
                            [
                                -1.506,
                                46.2229
                            ],
                            [
                                -1.5099,
                                46.2268
                            ],
                            [
                                -1.5135,
                                46.2268
                            ],
                            [
                                -1.5126,
                                46.2226
                            ],
                            [
                                -1.5146,
                                46.221
                            ],
                            [
                                -1.5063,
                                46.2182
                            ],
                            [
                                -1.5065,
                                46.2137
                            ],
                            [
                                -1.5046,
                                46.2137
                            ],
                            [
                                -1.5021,
                                46.2165
                            ],
                            [
                                -1.4946,
                                46.2143
                            ],
                            [
                                -1.4932,
                                46.211
                            ],
                            [
                                -1.4971,
                                46.2115
                            ],
                            [
                                -1.4971,
                                46.209
                            ],
                            [
                                -1.4915,
                                46.2107
                            ],
                            [
                                -1.491,
                                46.2085
                            ],
                            [
                                -1.4876,
                                46.2076
                            ],
                            [
                                -1.4865,
                                46.204
                            ],
                            [
                                -1.4862,
                                46.2088
                            ],
                            [
                                -1.4837,
                                46.2132
                            ],
                            [
                                -1.4804,
                                46.2135
                            ],
                            [
                                -1.4793,
                                46.2154
                            ],
                            [
                                -1.4732,
                                46.2146
                            ],
                            [
                                -1.4721,
                                46.2171
                            ],
                            [
                                -1.4679,
                                46.2185
                            ],
                            [
                                -1.4657,
                                46.2238
                            ],
                            [
                                -1.4557,
                                46.2238
                            ],
                            [
                                -1.4582,
                                46.2262
                            ],
                            [
                                -1.4632,
                                46.2276
                            ],
                            [
                                -1.4662,
                                46.2271
                            ],
                            [
                                -1.4668,
                                46.2243
                            ],
                            [
                                -1.469,
                                46.2246
                            ],
                            [
                                -1.4687,
                                46.2262
                            ],
                            [
                                -1.4707,
                                46.2271
                            ],
                            [
                                -1.4682,
                                46.2293
                            ],
                            [
                                -1.4699,
                                46.2307
                            ],
                            [
                                -1.4476,
                                46.2285
                            ],
                            [
                                -1.4146,
                                46.2315
                            ],
                            [
                                -1.4107,
                                46.2304
                            ],
                            [
                                -1.4101,
                                46.2271
                            ],
                            [
                                -1.4132,
                                46.2262
                            ],
                            [
                                -1.4149,
                                46.2274
                            ],
                            [
                                -1.4182,
                                46.2249
                            ],
                            [
                                -1.416,
                                46.2221
                            ],
                            [
                                -1.4179,
                                46.2188
                            ],
                            [
                                -1.4382,
                                46.2165
                            ],
                            [
                                -1.4421,
                                46.2151
                            ],
                            [
                                -1.4388,
                                46.2137
                            ],
                            [
                                -1.4412,
                                46.2132
                            ],
                            [
                                -1.441,
                                46.2121
                            ],
                            [
                                -1.4382,
                                46.2104
                            ],
                            [
                                -1.4332,
                                46.2107
                            ],
                            [
                                -1.4304,
                                46.2065
                            ],
                            [
                                -1.4276,
                                46.2057
                            ],
                            [
                                -1.4046,
                                46.2032
                            ],
                            [
                                -1.3713,
                                46.2057
                            ],
                            [
                                -1.3637,
                                46.2088
                            ],
                            [
                                -1.3635,
                                46.2065
                            ],
                            [
                                -1.3537,
                                46.2062
                            ],
                            [
                                -1.3535,
                                46.2046
                            ],
                            [
                                -1.3421,
                                46.2012
                            ],
                            [
                                -1.3354,
                                46.1976
                            ],
                            [
                                -1.3304,
                                46.1918
                            ],
                            [
                                -1.3212,
                                46.1871
                            ],
                            [
                                -1.3179,
                                46.1865
                            ],
                            [
                                -1.3107,
                                46.1896
                            ],
                            [
                                -1.3101,
                                46.1912
                            ],
                            [
                                -1.2932,
                                46.1882
                            ],
                            [
                                -1.2901,
                                46.1862
                            ],
                            [
                                -1.2896,
                                46.1829
                            ],
                            [
                                -1.2871,
                                46.1813
                            ],
                            [
                                -1.2868,
                                46.1793
                            ],
                            [
                                -1.2885,
                                46.1782
                            ],
                            [
                                -1.281,
                                46.1707
                            ],
                            [
                                -1.2821,
                                46.1685
                            ],
                            [
                                -1.281,
                                46.1651
                            ],
                            [
                                -1.2746,
                                46.1604
                            ],
                            [
                                -1.2682,
                                46.1596
                            ],
                            [
                                -1.2529,
                                46.166
                            ],
                            [
                                -1.2557,
                                46.1613
                            ],
                            [
                                -1.2685,
                                46.1551
                            ],
                            [
                                -1.2743,
                                46.1504
                            ],
                            [
                                -1.2782,
                                46.1435
                            ],
                            [
                                -1.2871,
                                46.1457
                            ]
                        ]
                    ]
                ]
                    }
                ]
    },
    "id": "4668ffa9-1ec8-464d-bd65-1909b195d3b6"
    }
    ]
}